Workbook

Sheet Resumen
B2: RESUMEN EJECUTIVO
B3: Se recalcula solo al cambiar la hoja Datos.
B5: PORTAFOLIO
B6: Repuestos con datos | C6: =COUNT(Datos!D2:D301)
B7: Clase A (paran la planta) | C7: =COUNTIF(Criticidad!$AJ$2:$AJ$301,"A")
B8: Clase B | C8: =COUNTIF(Criticidad!$AJ$2:$AJ$301,"B")
B9: Clase C | C9: =COUNTIF(Criticidad!$AJ$2:$AJ$301,"C")
B11: CAPITAL
B12: Capital inmovilizado hoy | C12: =SUMPRODUCT(Criticidad!$C$2:$C$301,N(Criticidad!$AQ$2:$AQ$301))
B13: Capital liberable (sobrestock) | C13: =SUM(Criticidad!$AS$2:$AS$301)
B14: % del capital que sobra | C14: =IF(C12=0,0,C13/C12)
B16: RIESGO
B17: Repuestos bajo cobertura | C17: =COUNTIF(Criticidad!$AT$2:$AT$301,"SI")
B18: de ellos clase A | C18: =COUNTIFS(Criticidad!$AT$2:$AT$301,"SI",Criticidad!$AJ$2:$AJ$301,"A")
B19: Repuestos a reponer ahora | C19: =COUNTIF(Criticidad!$AU$2:$AU$301,"Reponer ahora")
B21: PESO OBJETIVO DE CADA CRITERIO (entropia de Shannon)
B22: =Criticidad!BA2 | C22: =Criticidad!BE2
B23: =Criticidad!BA3 | C23: =Criticidad!BE3
B24: =Criticidad!BA4 | C24: =Criticidad!BE4
B25: =Criticidad!BA5 | C25: =Criticidad!BE5
B26: =Criticidad!BA6 | C26: =Criticidad!BE6
B27: =Criticidad!BA7 | C27: =Criticidad!BE7

Sheet Instrucciones
B2: KIT DE CRITICIDAD DE REPUESTOS
B3: Clasificacion multicriterio y politica de inventario (R,S) en una sola planilla.
B5: COMO SE USA
B6: 1. Ve a la hoja «Datos» y reemplaza las filas de ejemplo por tu maestro de repuestos.
B7: 2. Completa al menos: SKU, precio unitario, consumo anual y lead time en dias.
B8: 3. Listo. Las hojas «Criticidad» y «Resumen» se recalculan solas.
B9: 4. En «Parametros» puedes ajustar el nivel de servicio y el periodo de revision de cada clase.
B11: QUE CALCULA
B12: Pesos por entropia de Shannon: el peso de cada criterio sale de la informacion que aporta
B13: tu propia data, no de una opinion. Un criterio que no discrimina entre repuestos, no pesa.
B15: Indice de criticidad TOPSIS: cada repuesto recibe un valor entre 0 y 1 segun su distancia
B16: a la solucion ideal y a la anti-ideal. Es comparable entre plantas y a lo largo del tiempo.
... B32: fila de «Criticidad» hacia abajo y extiende los rangos, o usa la version web sin limite.

Sheet Datos
A1: SKU | B1: Descripcion | C1: Categoria | D1: Precio unitario | E1: Consumo anual | F1: Lead time (dias) | G1: Criticidad equipo (1-5) | H1: Horas parada si falla | I1: N proveedores | J1: Stock actual
A2: SP-1000 | B2: Rodamiento rigido de bolas 6210 | C2: Rodamientos | D2: 60.3 | E2: 77 | F2: 8 | G2: 4 | H2: 29 | I2: 3 | J2: 16
A3: SP-1001 | B3: Rodamiento a rodillos conicos 32216 | C3: Rodamientos | D3: 274.24 | E3: 14 | F3: 26 | G3: 3 | H3: 29 | I3: 1 | J3: 0
A4: SP-1002 | B4: Sello mecanico bomba centrifuga 3x2 | C4: Sellos | D4: 392.53 | E4: 40 | F4: 38 | G4: 5 | H4: 22 | I4: 1 | J4: 0
A5: SP-1003 | B5: Sello mecanico cartucho API 682 | C5: Sellos | D5: 1523.87 | E5: 16 | F5: 65 | G5: 5 | H5: 14 | I5: 1 | J5: 9
A6: SP-1004 | B6: Correa en V C-120 | C6: Transmision | D6: 47.27 | E6: 109 | F6: 13 | G6: 2 | H6: 21 | I6: 4 | J6: 0
A7: SP-1005 | B7: Correa dentada HTD 8M-1600 | C7: Transmision | D7: 150.84 | E7: 52 | F7: 17 | G7: 3 | H7: 17 | I7: 1 | J7: 20
A8: SP-1006 | B8: Filtro hidraulico 10 micrones | C8: Filtracion | D8: 78.28 | E8: 41 | F8: 17 | G8: 3 | H8: 10 | I8: 4 | J8: 6
A9: SP-1007 | B9: Cartucho filtrante 5 um 40" | C9: Filtracion | D9: 23.86 | E9: 31 | F9: 21 | G9: 3 | H9: 27 | I9: 5 | J9: 20
A10: SP-1008 | B10: Membrana osmosis inversa 8040 | C10: Tratamiento | D10: 832.45 | E10: 17 | F10: 93 | G10: 5 | H10: 42 | I10: 1 | J10: 11
A11: SP-1009 | B11: Resina cationica fuerte (saco 25L) | C11: Tratamiento | D11: 364.37 | E11: 26 | F11: 66 | G11: 4 | H11: 41 | I11: 2 | J11: 3
A12: SP-1010 | B12: Valvula mariposa DN150 wafer | C12: Valvulas | D12: 690.89 | E12: 30 | F12: 44 | G12: 4 | H12: 30 | I12: 3 | J12: 15
A13: SP-1011 | B13: Valvula de bola inox 2" 3 piezas | C13: Valvulas | D13: 251.71 | E13: 18 | F13: 24 | G13: 3 | H13: 6 | I13: 4 | J13: 3
... A61: SP-1059 | B61: Rele termico 30-40 A (var. 2) | C61: Electrico | D61: 79.88 | E61: 14 | F61: 13 | G61: 3 | H61: 25 | I61: 3 | J61: 3

Sheet Criticidad
A1: SKU | B1: Descripcion | C1: Precio | D1: Consumo | E1: Lead time | F1: Crit. equipo | G1: Horas parada | H1: N prov. | J1: mm Precio | K1: mm Consumo | L1: mm Lead | M1: mm Crit | N1: mm Horas | O1: mm Prov | Q1: pln Precio | R1: pln Consumo | S1: pln Lead | T1: pln Crit | U1: pln Horas | V1: pln Prov | X1: v Precio | Y1: v Consumo | Z1: v Lead | AA1: v Crit | AB1: v Horas | AC1: v Prov | AE1: D+ | AF1: D- | AG1: Indice criticidad | AH1: Impacto | AI1: % acumulado | AJ1: Clase | AK1: Servicio | AL1: Revision (d) | AM1: z | AN1: Demanda diaria | AO1: Stock seguridad | AP1: Nivel objetivo S | AQ1: Stock actual | AR1: Exceso (un) | AS1: Capital liberable | AT1: Riesgo | AU1: Accion | BA1: Criterio | BB1: Sentido | BC1: Entropia e | BD1: Divergencia | BE1: Peso
A2: =IF(Datos!A2="","",Datos!A2) | B2: =IF(Datos!A2="","",Datos!B2) | C2: =IF(Datos!A2="","",IFERROR(MAX(0,N(Datos!D2)),0)) | D2: =IF(Datos!A2="","",IFERROR(MAX(0,N(Datos!E2)),0)) | E2: =IF(Datos!A2="","",IFERROR(MAX(0,N(Datos!F2)),0)) | F2: =IF(Datos!A2="","",IFERROR(MAX(0,N(Datos!G2)),0)) | G2: =IF(Datos!A2="","",IFERROR(MAX(0,N(Datos!H2)),0)) | H2: =IF(Datos!A2="","",IFERROR(MAX(0,N(Datos!I2)),0)) | J2: =IF(Datos!A2="","",IF(MAX(C$2:C$301)-MIN(C$2:C$301)<0.000000001,0.5,(C2-MIN(C$2:C$301))/(MAX(C$2:C$301)-MIN(C$2:C$301)))+0.000000001) | K2: =IF(Datos!A2="","",IF(MAX(D$2:D$301)-MIN(D$2:D$301)<0.000000001,0.5,(D2-MIN(D$2:D$301))/(MAX(D$2:D$301)-MIN(D$2:D$301)))+0.000000001) | L2: =IF(Datos!A2="","",IF(MAX(E$2:E$301)-MIN(E$2:E$301)<0.000000001,0.5,(E2-MIN(E$2:E$301))/(MAX(E$2:E$301)-MIN(E$2:E$301)))+0.000000001) | M2: =IF(Datos!A2="","",IF(MAX(F$2:F$301)-MIN(F$2:F$301)<0.000000001,0.5,(F2-MIN(F$2:F$301))/(MAX(F$2:F$301)-MIN(F$2:F$301)))+0.000000001) | N2: =IF(Datos!A2="","",IF(MAX(G$2:G$301)-MIN(G$2:G$301)<0.000000001,0.5,(G2-MIN(G$2:G$301))/(MAX(G$2:G$301)-MIN(G$2:G$301)))+0.000000001) | O2: =IF(Datos!A2="","",IF(MAX(H$2:H$301)-MIN(H$2:H$301)<0.000000001,0.5,(H2-MIN(H$2:H$301))/(MAX(H$2:H$301)-MIN(H$2:H$301)))+0.000000001) | Q2: =IF(Datos!A2="","",(J2/SUM(J$2:J$301))*LN(J2/SUM(J$2:J$301))) | R2: =IF(Datos!A2="","",(K2/SUM(K$2:K$301))*LN(K2/SUM(K$2:K$301))) | S2: =IF(Datos!A2="","",(L2/SUM(L$2:L$301))*LN(L2/SUM(L$2:L$301))) | T2: =IF(Datos!A2="","",(M2/SUM(M$2:M$301))*LN(M2/SUM(M$2:M$301))) | U2: =IF(Datos!A2="","",(N2/SUM(N$2:N$301))*LN(N2/SUM(N$2:N$301))) | V2: =IF(Datos!A2="","",(O2/SUM(O$2:O$301))*LN(O2/SUM(O$2:O$301))) | X2: =IF(Datos!A2="","",IF(SUMSQ(C$2:C$301)=0,0,C2/SQRT(SUMSQ(C$2:C$301)))*$BE$2) | Y2: =IF(Datos!A2="","",IF(SUMSQ(D$2:D$301)=0,0,D2/SQRT(SUMSQ(D$2:D$301)))*$BE$3) | Z2: =IF(Datos!A2="","",IF(SUMSQ(E$2:E$301)=0,0,E2/SQRT(SUMSQ(E$2:E$301)))*$BE$4) | AA2: =IF(Datos!A2="","",IF(SUMSQ(F$2:F$301)=0,0,F2/SQRT(SUMSQ(F$2:F$301)))*$BE$5) | AB2: =IF(Datos!A2="","",IF(SUMSQ(G$2:G$301)=0,0,G2/SQRT(SUMSQ(G$2:G$301)))*$BE$6) | AC2: =IF(Datos!A2="","",IF(SUMSQ(H$2:H$301)=0,0,H2/SQRT(SUMSQ(H$2:H$301)))*$BE$7) | AE2: =IF(Datos!A2="","",SQRT(SUMXMY2(X2:AC2,$X$303:$AC$303))) | AF2: =IF(Datos!A2="","",SQRT(SUMXMY2(X2:AC2,$X$304:$AC$304))) | AG2: =IF(Datos!A2="","",IF(AE2+AF2<0.000000001,0.5,AF2/(AE2+AF2))) | AH2: =IF(Datos!A2="","",AG2*MAX(C2*D2,1)) | AI2: =IF(Datos!A2="","",SUMIF($AH$2:$AH$301,">="&AH2,$AH$2:$AH$301)/SUM($AH$2:$AH$301)) | AJ2: =IF(Datos!A2="","",IF(AI2<=Parametros!$B$13,"A",IF(AI2<=Parametros!$B$14,"B","C"))) | AK2: =IF(Datos!A2="","",VLOOKUP(AJ2,Parametros!$A$8:$C$10,2,FALSE)) | AL2: =IF(Datos!A2="","",VLOOKUP(AJ2,Parametros!$A$8:$C$10,3,FALSE)) | AM2: =IF(Datos!A2="","",NORMSINV(AK2)) | AN2: =IF(Datos!A2="","",D2/Parametros!$B$4) | AO2: =IF(Datos!A2="","",MAX(0,ROUNDUP(AM2*(AN2*Parametros!$B$3)*SQRT((AL2+E2)),0))) | AP2: =IF(Datos!A2="","",MAX(1,ROUNDUP(AN2*(AL2+E2)+AM2*(AN2*Parametros!$B$3)*SQRT((AL2+E2)),0))) | AQ2: =IF(Datos!A2="","",IF(Datos!J2="","",Datos!J2)) | AR2: =IF(OR(Datos!A2="",AQ2=""),"",MAX(0,AQ2-AP2)) | AS2: =IF(OR(Datos!A2="",AQ2=""),"",AR2*C2) | AT2: =IF(OR(Datos!A2="",AQ2=""),"",IF(AQ2<AO2,"SI","")) | AU2: =IF(Datos!A2="","",IF(AT2="SI","Reponer ahora",IF(AND(AQ2<>"",AR2>0),"Bajar "&TEXT(AR2,"#,##0")&" un.","En rango"))) | BA2: Precio unitario | BB2: beneficio | BC2: =IF($BE$10<2,1,-1/LN($BE$10)*SUM(Q$2:Q$301)) | BD2: =MAX(0,1-BC2) | BE2: =IF(SUM($BD$2:$BD$7)<0.000000001,1/6,BD2/SUM($BD$2:$BD$7))
A3: =IF(Datos!A3="","",Datos!A3) | B3: =IF(Datos!A3="","",Datos!B3) | C3: =IF(Datos!A3="","",IFERROR(MAX(0,N(Datos!D3)),0)) | D3: =IF(Datos!A3="","",IFERROR(MAX(0,N(Datos!E3)),0)) | E3: =IF(Datos!A3="","",IFERROR(MAX(0,N(Datos!F3)),0)) | F3: =IF(Datos!A3="","",IFERROR(MAX(0,N(Datos!G3)),0)) | G3: =IF(Datos!A3="","",IFERROR(MAX(0,N(Datos!H3)),0)) | H3: =IF(Datos!A3="","",IFERROR(MAX(0,N(Datos!I3)),0)) | J3: =IF(Datos!A3="","",IF(MAX(C$2:C$301)-MIN(C$2:C$301)<0.000000001,0.5,(C3-MIN(C$2:C$301))/(MAX(C$2:C$301)-MIN(C$2:C$301)))+0.000000001) | K3: =IF(Datos!A3="","",IF(MAX(D$2:D$301)-MIN(D$2:D$301)<0.000000001,0.5,(D3-MIN(D$2:D$301))/(MAX(D$2:D$301)-MIN(D$2:D$301)))+0.000000001) | L3: =IF(Datos!A3="","",IF(MAX(E$2:E$301)-MIN(E$2:E$301)<0.000000001,0.5,(E3-MIN(E$2:E$301))/(MAX(E$2:E$301)-MIN(E$2:E$301)))+0.000000001) | M3: =IF(Datos!A3="","",IF(MAX(F$2:F$301)-MIN(F$2:F$301)<0.000000001,0.5,(F3-MIN(F$2:F$301))/(MAX(F$2:F$301)-MIN(F$2:F$301)))+0.000000001) | N3: =IF(Datos!A3="","",IF(MAX(G$2:G$301)-MIN(G$2:G$301)<0.000000001,0.5,(G3-MIN(G$2:G$301))/(MAX(G$2:G$301)-MIN(G$2:G$301)))+0.000000001) | O3: =IF(Datos!A3="","",IF(MAX(H$2:H$301)-MIN(H$2:H$301)<0.000000001,0.5,(H3-MIN(H$2:H$301))/(MAX(H$2:H$301)-MIN(H$2:H$301)))+0.000000001) | Q3: =IF(Datos!A3="","",(J3/SUM(J$2:J$301))*LN(J3/SUM(J$2:J$301))) | R3: =IF(Datos!A3="","",(K3/SUM(K$2:K$301))*LN(K3/SUM(K$2:K$301))) | S3: =IF(Datos!A3="","",(L3/SUM(L$2:L$301))*LN(L3/SUM(L$2:L$301))) | T3: =IF(Datos!A3="","",(M3/SUM(M$2:M$301))*LN(M3/SUM(M$2:M$301))) | U3: =IF(Datos!A3="","",(N3/SUM(N$2:N$301))*LN(N3/SUM(N$2:N$301))) | V3: =IF(Datos!A3="","",(O3/SUM(O$2:O$301))*LN(O3/SUM(O$2:O$301))) | X3: =IF(Datos!A3="","",IF(SUMSQ(C$2:C$301)=0,0,C3/SQRT(SUMSQ(C$2:C$301)))*$BE$2) | Y3: =IF(Datos!A3="","",IF(SUMSQ(D$2:D$301)=0,0,D3/SQRT(SUMSQ(D$2:D$301)))*$BE$3) | Z3: =IF(Datos!A3="","",IF(SUMSQ(E$2:E$301)=0,0,E3/SQRT(SUMSQ(E$2:E$301)))*$BE$4) | AA3: =IF(Datos!A3="","",IF(SUMSQ(F$2:F$301)=0,0,F3/SQRT(SUMSQ(F$2:F$301)))*$BE$5) | AB3: =IF(Datos!A3="","",IF(SUMSQ(G$2:G$301)=0,0,G3/SQRT(SUMSQ(G$2:G$301)))*$BE$6) | AC3: =IF(Datos!A3="","",IF(SUMSQ(H$2:H$301)=0,0,H3/SQRT(SUMSQ(H$2:H$301)))*$BE$7) | AE3: =IF(Datos!A3="","",SQRT(SUMXMY2(X3:AC3,$X$303:$AC$303))) | AF3: =IF(Datos!A3="","",SQRT(SUMXMY2(X3:AC3,$X$304:$AC$304))) | AG3: =IF(Datos!A3="","",IF(AE3+AF3<0.000000001,0.5,AF3/(AE3+AF3))) | AH3: =IF(Datos!A3="","",AG3*MAX(C3*D3,1)) | AI3: =IF(Datos!A3="","",SUMIF($AH$2:$AH$301,">="&AH3,$AH$2:$AH$301)/SUM($AH$2:$AH$301)) | AJ3: =IF(Datos!A3="","",IF(AI3<=Parametros!$B$13,"A",IF(AI3<=Parametros!$B$14,"B","C"))) | AK3: =IF(Datos!A3="","",VLOOKUP(AJ3,Parametros!$A$8:$C$10,2,FALSE)) | AL3: =IF(Datos!A3="","",VLOOKUP(AJ3,Parametros!$A$8:$C$10,3,FALSE)) | AM3: =IF(Datos!A3="","",NORMSINV(AK3)) | AN3: =IF(Datos!A3="","",D3/Parametros!$B$4) | AO3: =IF(Datos!A3="","",MAX(0,ROUNDUP(AM3*(AN3*Parametros!$B$3)*SQRT((AL3+E3)),0))) | AP3: =IF(Datos!A3="","",MAX(1,ROUNDUP(AN3*(AL3+E3)+AM3*(AN3*Parametros!$B$3)*SQRT((AL3+E3)),0))) | AQ3: =IF(Datos!A3="","",IF(Datos!J3="","",Datos!J3)) | AR3: =IF(OR(Datos!A3="",AQ3=""),"",MAX(0,AQ3-AP3)) | AS3: =IF(OR(Datos!A3="",AQ3=""),"",AR3*C3) | AT3: =IF(OR(Datos!A3="",AQ3=""),"",IF(AQ3<AO3,"SI","")) | AU3: =IF(Datos!A3="","",IF(AT3="SI","Reponer ahora",IF(AND(AQ3<>"",AR3>0),"Bajar "&TEXT(AR3,"#,##0")&" un.","En rango"))) | BA3: Consumo anual | BB3: beneficio | BC3: =IF($BE$10<2,1,-1/LN($BE$10)*SUM(R$2:R$301)) | BD3: =MAX(0,1-BC3) | BE3: =IF(SUM($BD$2:$BD$7)<0.000000001,1/6,BD3/SUM($BD$2:$BD$7))
A4: =IF(Datos!A4="","",Datos!A4) | B4: =IF(Datos!A4="","",Datos!B4) | C4: =IF(Datos!A4="","",IFERROR(MAX(0,N(Datos!D4)),0)) | D4: =IF(Datos!A4="","",IFERROR(MAX(0,N(Datos!E4)),0)) | E4: =IF(Datos!A4="","",IFERROR(MAX(0,N(Datos!F4)),0)) | F4: =IF(Datos!A4="","",IFERROR(MAX(0,N(Datos!G4)),0)) | G4: =IF(Datos!A4="","",IFERROR(MAX(0,N(Datos!H4)),0)) | H4: =IF(Datos!A4="","",IFERROR(MAX(0,N(Datos!I4)),0)) | J4: =IF(Datos!A4="","",IF(MAX(C$2:C$301)-MIN(C$2:C$301)<0.000000001,0.5,(C4-MIN(C$2:C$301))/(MAX(C$2:C$301)-MIN(C$2:C$301)))+0.000000001) | K4: =IF(Datos!A4="","",IF(MAX(D$2:D$301)-MIN(D$2:D$301)<0.000000001,0.5,(D4-MIN(D$2:D$301))/(MAX(D$2:D$301)-MIN(D$2:D$301)))+0.000000001) | L4: =IF(Datos!A4="","",IF(MAX(E$2:E$301)-MIN(E$2:E$301)<0.000000001,0.5,(E4-MIN(E$2:E$301))/(MAX(E$2:E$301)-MIN(E$2:E$301)))+0.000000001) | M4: =IF(Datos!A4="","",IF(MAX(F$2:F$301)-MIN(F$2:F$301)<0.000000001,0.5,(F4-MIN(F$2:F$301))/(MAX(F$2:F$301)-MIN(F$2:F$301)))+0.000000001) | N4: =IF(Datos!A4="","",IF(MAX(G$2:G$301)-MIN(G$2:G$301)<0.000000001,0.5,(G4-MIN(G$2:G$301))/(MAX(G$2:G$301)-MIN(G$2:G$301)))+0.000000001) | O4: =IF(Datos!A4="","",IF(MAX(H$2:H$301)-MIN(H$2:H$301)<0.000000001,0.5,(H4-MIN(H$2:H$301))/(MAX(H$2:H$301)-MIN(H$2:H$301)))+0.000000001) | Q4: =IF(Datos!A4="","",(J4/SUM(J$2:J$301))*LN(J4/SUM(J$2:J$301))) | R4: =IF(Datos!A4="","",(K4/SUM(K$2:K$301))*LN(K4/SUM(K$2:K$301))) | S4: =IF(Datos!A4="","",(L4/SUM(L$2:L$301))*LN(L4/SUM(L$2:L$301))) | T4: =IF(Datos!A4="","",(M4/SUM(M$2:M$301))*LN(M4/SUM(M$2:M$301))) | U4: =IF(Datos!A4="","",(N4/SUM(N$2:N$301))*LN(N4/SUM(N$2:N$301))) | V4: =IF(Datos!A4="","",(O4/SUM(O$2:O$301))*LN(O4/SUM(O$2:O$301))) | X4: =IF(Datos!A4="","",IF(SUMSQ(C$2:C$301)=0,0,C4/SQRT(SUMSQ(C$2:C$301)))*$BE$2) | Y4: =IF(Datos!A4="","",IF(SUMSQ(D$2:D$301)=0,0,D4/SQRT(SUMSQ(D$2:D$301)))*$BE$3) | Z4: =IF(Datos!A4="","",IF(SUMSQ(E$2:E$301)=0,0,E4/SQRT(SUMSQ(E$2:E$301)))*$BE$4) | AA4: =IF(Datos!A4="","",IF(SUMSQ(F$2:F$301)=0,0,F4/SQRT(SUMSQ(F$2:F$301)))*$BE$5) | AB4: =IF(Datos!A4="","",IF(SUMSQ(G$2:G$301)=0,0,G4/SQRT(SUMSQ(G$2:G$301)))*$BE$6) | AC4: =IF(Datos!A4="","",IF(SUMSQ(H$2:H$301)=0,0,H4/SQRT(SUMSQ(H$2:H$301)))*$BE$7) | AE4: =IF(Datos!A4="","",SQRT(SUMXMY2(X4:AC4,$X$303:$AC$303))) | AF4: =IF(Datos!A4="","",SQRT(SUMXMY2(X4:AC4,$X$304:$AC$304))) | AG4: =IF(Datos!A4="","",IF(AE4+AF4<0.000000001,0.5,AF4/(AE4+AF4))) | AH4: =IF(Datos!A4="","",AG4*MAX(C4*D4,1)) | AI4: =IF(Datos!A4="","",SUMIF($AH$2:$AH$301,">="&AH4,$AH$2:$AH$301)/SUM($AH$2:$AH$301)) | AJ4: =IF(Datos!A4="","",IF(AI4<=Parametros!$B$13,"A",IF(AI4<=Parametros!$B$14,"B","C"))) | AK4: =IF(Datos!A4="","",VLOOKUP(AJ4,Parametros!$A$8:$C$10,2,FALSE)) | AL4: =IF(Datos!A4="","",VLOOKUP(AJ4,Parametros!$A$8:$C$10,3,FALSE)) | AM4: =IF(Datos!A4="","",NORMSINV(AK4)) | AN4: =IF(Datos!A4="","",D4/Parametros!$B$4) | AO4: =IF(Datos!A4="","",MAX(0,ROUNDUP(AM4*(AN4*Parametros!$B$3)*SQRT((AL4+E4)),0))) | AP4: =IF(Datos!A4="","",MAX(1,ROUNDUP(AN4*(AL4+E4)+AM4*(AN4*Parametros!$B$3)*SQRT((AL4+E4)),0))) | AQ4: =IF(Datos!A4="","",IF(Datos!J4="","",Datos!J4)) | AR4: =IF(OR(Datos!A4="",AQ4=""),"",MAX(0,AQ4-AP4)) | AS4: =IF(OR(Datos!A4="",AQ4=""),"",AR4*C4) | AT4: =IF(OR(Datos!A4="",AQ4=""),"",IF(AQ4<AO4,"SI","")) | AU4: =IF(Datos!A4="","",IF(AT4="SI","Reponer ahora",IF(AND(AQ4<>"",AR4>0),"Bajar "&TEXT(AR4,"#,##0")&" un.","En rango"))) | BA4: Lead time (dias) | BB4: beneficio | BC4: =IF($BE$10<2,1,-1/LN($BE$10)*SUM(S$2:S$301)) | BD4: =MAX(0,1-BC4) | BE4: =IF(SUM($BD$2:$BD$7)<0.000000001,1/6,BD4/SUM($BD$2:$BD$7))
A5: =IF(Datos!A5="","",Datos!A5) | B5: =IF(Datos!A5="","",Datos!B5) | C5: =IF(Datos!A5="","",IFERROR(MAX(0,N(Datos!D5)),0)) | D5: =IF(Datos!A5="","",IFERROR(MAX(0,N(Datos!E5)),0)) | E5: =IF(Datos!A5="","",IFERROR(MAX(0,N(Datos!F5)),0)) | F5: =IF(Datos!A5="","",IFERROR(MAX(0,N(Datos!G5)),0)) | G5: =IF(Datos!A5="","",IFERROR(MAX(0,N(Datos!H5)),0)) | H5: =IF(Datos!A5="","",IFERROR(MAX(0,N(Datos!I5)),0)) | J5: =IF(Datos!A5="","",IF(MAX(C$2:C$301)-MIN(C$2:C$301)<0.000000001,0.5,(C5-MIN(C$2:C$301))/(MAX(C$2:C$301)-MIN(C$2:C$301)))+0.000000001) | K5: =IF(Datos!A5="","",IF(MAX(D$2:D$301)-MIN(D$2:D$301)<0.000000001,0.5,(D5-MIN(D$2:D$301))/(MAX(D$2:D$301)-MIN(D$2:D$301)))+0.000000001) | L5: =IF(Datos!A5="","",IF(MAX(E$2:E$301)-MIN(E$2:E$301)<0.000000001,0.5,(E5-MIN(E$2:E$301))/(MAX(E$2:E$301)-MIN(E$2:E$301)))+0.000000001) | M5: =IF(Datos!A5="","",IF(MAX(F$2:F$301)-MIN(F$2:F$301)<0.000000001,0.5,(F5-MIN(F$2:F$301))/(MAX(F$2:F$301)-MIN(F$2:F$301)))+0.000000001) | N5: =IF(Datos!A5="","",IF(MAX(G$2:G$301)-MIN(G$2:G$301)<0.000000001,0.5,(G5-MIN(G$2:G$301))/(MAX(G$2:G$301)-MIN(G$2:G$301)))+0.000000001) | O5: =IF(Datos!A5="","",IF(MAX(H$2:H$301)-MIN(H$2:H$301)<0.000000001,0.5,(H5-MIN(H$2:H$301))/(MAX(H$2:H$301)-MIN(H$2:H$301)))+0.000000001) | Q5: =IF(Datos!A5="","",(J5/SUM(J$2:J$301))*LN(J5/SUM(J$2:J$301))) | R5: =IF(Datos!A5="","",(K5/SUM(K$2:K$301))*LN(K5/SUM(K$2:K$301))) | S5: =IF(Datos!A5="","",(L5/SUM(L$2:L$301))*LN(L5/SUM(L$2:L$301))) | T5: =IF(Datos!A5="","",(M5/SUM(M$2:M$301))*LN(M5/SUM(M$2:M$301))) | U5: =IF(Datos!A5="","",(N5/SUM(N$2:N$301))*LN(N5/SUM(N$2:N$301))) | V5: =IF(Datos!A5="","",(O5/SUM(O$2:O$301))*LN(O5/SUM(O$2:O$301))) | X5: =IF(Datos!A5="","",IF(SUMSQ(C$2:C$301)=0,0,C5/SQRT(SUMSQ(C$2:C$301)))*$BE$2) | Y5: =IF(Datos!A5="","",IF(SUMSQ(D$2:D$301)=0,0,D5/SQRT(SUMSQ(D$2:D$301)))*$BE$3) | Z5: =IF(Datos!A5="","",IF(SUMSQ(E$2:E$301)=0,0,E5/SQRT(SUMSQ(E$2:E$301)))*$BE$4) | AA5: =IF(Datos!A5="","",IF(SUMSQ(F$2:F$301)=0,0,F5/SQRT(SUMSQ(F$2:F$301)))*$BE$5) | AB5: =IF(Datos!A5="","",IF(SUMSQ(G$2:G$301)=0,0,G5/SQRT(SUMSQ(G$2:G$301)))*$BE$6) | AC5: =IF(Datos!A5="","",IF(SUMSQ(H$2:H$301)=0,0,H5/SQRT(SUMSQ(H$2:H$301)))*$BE$7) | AE5: =IF(Datos!A5="","",SQRT(SUMXMY2(X5:AC5,$X$303:$AC$303))) | AF5: =IF(Datos!A5="","",SQRT(SUMXMY2(X5:AC5,$X$304:$AC$304))) | AG5: =IF(Datos!A5="","",IF(AE5+AF5<0.000000001,0.5,AF5/(AE5+AF5))) | AH5: =IF(Datos!A5="","",AG5*MAX(C5*D5,1)) | AI5: =IF(Datos!A5="","",SUMIF($AH$2:$AH$301,">="&AH5,$AH$2:$AH$301)/SUM($AH$2:$AH$301)) | AJ5: =IF(Datos!A5="","",IF(AI5<=Parametros!$B$13,"A",IF(AI5<=Parametros!$B$14,"B","C"))) | AK5: =IF(Datos!A5="","",VLOOKUP(AJ5,Parametros!$A$8:$C$10,2,FALSE)) | AL5: =IF(Datos!A5="","",VLOOKUP(AJ5,Parametros!$A$8:$C$10,3,FALSE)) | AM5: =IF(Datos!A5="","",NORMSINV(AK5)) | AN5: =IF(Datos!A5="","",D5/Parametros!$B$4) | AO5: =IF(Datos!A5="","",MAX(0,ROUNDUP(AM5*(AN5*Parametros!$B$3)*SQRT((AL5+E5)),0))) | AP5: =IF(Datos!A5="","",MAX(1,ROUNDUP(AN5*(AL5+E5)+AM5*(AN5*Parametros!$B$3)*SQRT((AL5+E5)),0))) | AQ5: =IF(Datos!A5="","",IF(Datos!J5="","",Datos!J5)) | AR5: =IF(OR(Datos!A5="",AQ5=""),"",MAX(0,AQ5-AP5)) | AS5: =IF(OR(Datos!A5="",AQ5=""),"",AR5*C5) | AT5: =IF(OR(Datos!A5="",AQ5=""),"",IF(AQ5<AO5,"SI","")) | AU5: =IF(Datos!A5="","",IF(AT5="SI","Reponer ahora",IF(AND(AQ5<>"",AR5>0),"Bajar "&TEXT(AR5,"#,##0")&" un.","En rango"))) | BA5: Criticidad equipo | BB5: beneficio | BC5: =IF($BE$10<2,1,-1/LN($BE$10)*SUM(T$2:T$301)) | BD5: =MAX(0,1-BC5) | BE5: =IF(SUM($BD$2:$BD$7)<0.000000001,1/6,BD5/SUM($BD$2:$BD$7))
A6: =IF(Datos!A6="","",Datos!A6) | B6: =IF(Datos!A6="","",Datos!B6) | C6: =IF(Datos!A6="","",IFERROR(MAX(0,N(Datos!D6)),0)) | D6: =IF(Datos!A6="","",IFERROR(MAX(0,N(Datos!E6)),0)) | E6: =IF(Datos!A6="","",IFERROR(MAX(0,N(Datos!F6)),0)) | F6: =IF(Datos!A6="","",IFERROR(MAX(0,N(Datos!G6)),0)) | G6: =IF(Datos!A6="","",IFERROR(MAX(0,N(Datos!H6)),0)) | H6: =IF(Datos!A6="","",IFERROR(MAX(0,N(Datos!I6)),0)) | J6: =IF(Datos!A6="","",IF(MAX(C$2:C$301)-MIN(C$2:C$301)<0.000000001,0.5,(C6-MIN(C$2:C$301))/(MAX(C$2:C$301)-MIN(C$2:C$301)))+0.000000001) | K6: =IF(Datos!A6="","",IF(MAX(D$2:D$301)-MIN(D$2:D$301)<0.000000001,0.5,(D6-MIN(D$2:D$301))/(MAX(D$2:D$301)-MIN(D$2:D$301)))+0.000000001) | L6: =IF(Datos!A6="","",IF(MAX(E$2:E$301)-MIN(E$2:E$301)<0.000000001,0.5,(E6-MIN(E$2:E$301))/(MAX(E$2:E$301)-MIN(E$2:E$301)))+0.000000001) | M6: =IF(Datos!A6="","",IF(MAX(F$2:F$301)-MIN(F$2:F$301)<0.000000001,0.5,(F6-MIN(F$2:F$301))/(MAX(F$2:F$301)-MIN(F$2:F$301)))+0.000000001) | N6: =IF(Datos!A6="","",IF(MAX(G$2:G$301)-MIN(G$2:G$301)<0.000000001,0.5,(G6-MIN(G$2:G$301))/(MAX(G$2:G$301)-MIN(G$2:G$301)))+0.000000001) | O6: =IF(Datos!A6="","",IF(MAX(H$2:H$301)-MIN(H$2:H$301)<0.000000001,0.5,(H6-MIN(H$2:H$301))/(MAX(H$2:H$301)-MIN(H$2:H$301)))+0.000000001) | Q6: =IF(Datos!A6="","",(J6/SUM(J$2:J$301))*LN(J6/SUM(J$2:J$301))) | R6: =IF(Datos!A6="","",(K6/SUM(K$2:K$301))*LN(K6/SUM(K$2:K$301))) | S6: =IF(Datos!A6="","",(L6/SUM(L$2:L$301))*LN(L6/SUM(L$2:L$301))) | T6: =IF(Datos!A6="","",(M6/SUM(M$2:M$301))*LN(M6/SUM(M$2:M$301))) | U6: =IF(Datos!A6="","",(N6/SUM(N$2:N$301))*LN(N6/SUM(N$2:N$301))) | V6: =IF(Datos!A6="","",(O6/SUM(O$2:O$301))*LN(O6/SUM(O$2:O$301))) | X6: =IF(Datos!A6="","",IF(SUMSQ(C$2:C$301)=0,0,C6/SQRT(SUMSQ(C$2:C$301)))*$BE$2) | Y6: =IF(Datos!A6="","",IF(SUMSQ(D$2:D$301)=0,0,D6/SQRT(SUMSQ(D$2:D$301)))*$BE$3) | Z6: =IF(Datos!A6="","",IF(SUMSQ(E$2:E$301)=0,0,E6/SQRT(SUMSQ(E$2:E$301)))*$BE$4) | AA6: =IF(Datos!A6="","",IF(SUMSQ(F$2:F$301)=0,0,F6/SQRT(SUMSQ(F$2:F$301)))*$BE$5) | AB6: =IF(Datos!A6="","",IF(SUMSQ(G$2:G$301)=0,0,G6/SQRT(SUMSQ(G$2:G$301)))*$BE$6) | AC6: =IF(Datos!A6="","",IF(SUMSQ(H$2:H$301)=0,0,H6/SQRT(SUMSQ(H$2:H$301)))*$BE$7) | AE6: =IF(Datos!A6="","",SQRT(SUMXMY2(X6:AC6,$X$303:$AC$303))) | AF6: =IF(Datos!A6="","",SQRT(SUMXMY2(X6:AC6,$X$304:$AC$304))) | AG6: =IF(Datos!A6="","",IF(AE6+AF6<0.000000001,0.5,AF6/(AE6+AF6))) | AH6: =IF(Datos!A6="","",AG6*MAX(C6*D6,1)) | AI6: =IF(Datos!A6="","",SUMIF($AH$2:$AH$301,">="&AH6,$AH$2:$AH$301)/SUM($AH$2:$AH$301)) | AJ6: =IF(Datos!A6="","",IF(AI6<=Parametros!$B$13,"A",IF(AI6<=Parametros!$B$14,"B","C"))) | AK6: =IF(Datos!A6="","",VLOOKUP(AJ6,Parametros!$A$8:$C$10,2,FALSE)) | AL6: =IF(Datos!A6="","",VLOOKUP(AJ6,Parametros!$A$8:$C$10,3,FALSE)) | AM6: =IF(Datos!A6="","",NORMSINV(AK6)) | AN6: =IF(Datos!A6="","",D6/Parametros!$B$4) | AO6: =IF(Datos!A6="","",MAX(0,ROUNDUP(AM6*(AN6*Parametros!$B$3)*SQRT((AL6+E6)),0))) | AP6: =IF(Datos!A6="","",MAX(1,ROUNDUP(AN6*(AL6+E6)+AM6*(AN6*Parametros!$B$3)*SQRT((AL6+E6)),0))) | AQ6: =IF(Datos!A6="","",IF(Datos!J6="","",Datos!J6)) | AR6: =IF(OR(Datos!A6="",AQ6=""),"",MAX(0,AQ6-AP6)) | AS6: =IF(OR(Datos!A6="",AQ6=""),"",AR6*C6) | AT6: =IF(OR(Datos!A6="",AQ6=""),"",IF(AQ6<AO6,"SI","")) | AU6: =IF(Datos!A6="","",IF(AT6="SI","Reponer ahora",IF(AND(AQ6<>"",AR6>0),"Bajar "&TEXT(AR6,"#,##0")&" un.","En rango"))) | BA6: Horas parada | BB6: beneficio | BC6: =IF($BE$10<2,1,-1/LN($BE$10)*SUM(U$2:U$301)) | BD6: =MAX(0,1-BC6) | BE6: =IF(SUM($BD$2:$BD$7)<0.000000001,1/6,BD6/SUM($BD$2:$BD$7))
A7: =IF(Datos!A7="","",Datos!A7) | B7: =IF(Datos!A7="","",Datos!B7) | C7: =IF(Datos!A7="","",IFERROR(MAX(0,N(Datos!D7)),0)) | D7: =IF(Datos!A7="","",IFERROR(MAX(0,N(Datos!E7)),0)) | E7: =IF(Datos!A7="","",IFERROR(MAX(0,N(Datos!F7)),0)) | F7: =IF(Datos!A7="","",IFERROR(MAX(0,N(Datos!G7)),0)) | G7: =IF(Datos!A7="","",IFERROR(MAX(0,N(Datos!H7)),0)) | H7: =IF(Datos!A7="","",IFERROR(MAX(0,N(Datos!I7)),0)) | J7: =IF(Datos!A7="","",IF(MAX(C$2:C$301)-MIN(C$2:C$301)<0.000000001,0.5,(C7-MIN(C$2:C$301))/(MAX(C$2:C$301)-MIN(C$2:C$301)))+0.000000001) | K7: =IF(Datos!A7="","",IF(MAX(D$2:D$301)-MIN(D$2:D$301)<0.000000001,0.5,(D7-MIN(D$2:D$301))/(MAX(D$2:D$301)-MIN(D$2:D$301)))+0.000000001) | L7: =IF(Datos!A7="","",IF(MAX(E$2:E$301)-MIN(E$2:E$301)<0.000000001,0.5,(E7-MIN(E$2:E$301))/(MAX(E$2:E$301)-MIN(E$2:E$301)))+0.000000001) | M7: =IF(Datos!A7="","",IF(MAX(F$2:F$301)-MIN(F$2:F$301)<0.000000001,0.5,(F7-MIN(F$2:F$301))/(MAX(F$2:F$301)-MIN(F$2:F$301)))+0.000000001) | N7: =IF(Datos!A7="","",IF(MAX(G$2:G$301)-MIN(G$2:G$301)<0.000000001,0.5,(G7-MIN(G$2:G$301))/(MAX(G$2:G$301)-MIN(G$2:G$301)))+0.000000001) | O7: =IF(Datos!A7="","",IF(MAX(H$2:H$301)-MIN(H$2:H$301)<0.000000001,0.5,(H7-MIN(H$2:H$301))/(MAX(H$2:H$301)-MIN(H$2:H$301)))+0.000000001) | Q7: =IF(Datos!A7="","",(J7/SUM(J$2:J$301))*LN(J7/SUM(J$2:J$301))) | R7: =IF(Datos!A7="","",(K7/SUM(K$2:K$301))*LN(K7/SUM(K$2:K$301))) | S7: =IF(Datos!A7="","",(L7/SUM(L$2:L$301))*LN(L7/SUM(L$2:L$301))) | T7: =IF(Datos!A7="","",(M7/SUM(M$2:M$301))*LN(M7/SUM(M$2:M$301))) | U7: =IF(Datos!A7="","",(N7/SUM(N$2:N$301))*LN(N7/SUM(N$2:N$301))) | V7: =IF(Datos!A7="","",(O7/SUM(O$2:O$301))*LN(O7/SUM(O$2:O$301))) | X7: =IF(Datos!A7="","",IF(SUMSQ(C$2:C$301)=0,0,C7/SQRT(SUMSQ(C$2:C$301)))*$BE$2) | Y7: =IF(Datos!A7="","",IF(SUMSQ(D$2:D$301)=0,0,D7/SQRT(SUMSQ(D$2:D$301)))*$BE$3) | Z7: =IF(Datos!A7="","",IF(SUMSQ(E$2:E$301)=0,0,E7/SQRT(SUMSQ(E$2:E$301)))*$BE$4) | AA7: =IF(Datos!A7="","",IF(SUMSQ(F$2:F$301)=0,0,F7/SQRT(SUMSQ(F$2:F$301)))*$BE$5) | AB7: =IF(Datos!A7="","",IF(SUMSQ(G$2:G$301)=0,0,G7/SQRT(SUMSQ(G$2:G$301)))*$BE$6) | AC7: =IF(Datos!A7="","",IF(SUMSQ(H$2:H$301)=0,0,H7/SQRT(SUMSQ(H$2:H$301)))*$BE$7) | AE7: =IF(Datos!A7="","",SQRT(SUMXMY2(X7:AC7,$X$303:$AC$303))) | AF7: =IF(Datos!A7="","",SQRT(SUMXMY2(X7:AC7,$X$304:$AC$304))) | AG7: =IF(Datos!A7="","",IF(AE7+AF7<0.000000001,0.5,AF7/(AE7+AF7))) | AH7: =IF(Datos!A7="","",AG7*MAX(C7*D7,1)) | AI7: =IF(Datos!A7="","",SUMIF($AH$2:$AH$301,">="&AH7,$AH$2:$AH$301)/SUM($AH$2:$AH$301)) | AJ7: =IF(Datos!A7="","",IF(AI7<=Parametros!$B$13,"A",IF(AI7<=Parametros!$B$14,"B","C"))) | AK7: =IF(Datos!A7="","",VLOOKUP(AJ7,Parametros!$A$8:$C$10,2,FALSE)) | AL7: =IF(Datos!A7="","",VLOOKUP(AJ7,Parametros!$A$8:$C$10,3,FALSE)) | AM7: =IF(Datos!A7="","",NORMSINV(AK7)) | AN7: =IF(Datos!A7="","",D7/Parametros!$B$4) | AO7: =IF(Datos!A7="","",MAX(0,ROUNDUP(AM7*(AN7*Parametros!$B$3)*SQRT((AL7+E7)),0))) | AP7: =IF(Datos!A7="","",MAX(1,ROUNDUP(AN7*(AL7+E7)+AM7*(AN7*Parametros!$B$3)*SQRT((AL7+E7)),0))) | AQ7: =IF(Datos!A7="","",IF(Datos!J7="","",Datos!J7)) | AR7: =IF(OR(Datos!A7="",AQ7=""),"",MAX(0,AQ7-AP7)) | AS7: =IF(OR(Datos!A7="",AQ7=""),"",AR7*C7) | AT7: =IF(OR(Datos!A7="",AQ7=""),"",IF(AQ7<AO7,"SI","")) | AU7: =IF(Datos!A7="","",IF(AT7="SI","Reponer ahora",IF(AND(AQ7<>"",AR7>0),"Bajar "&TEXT(AR7,"#,##0")&" un.","En rango"))) | BA7: N proveedores | BB7: costo | BC7: =IF($BE$10<2,1,-1/LN($BE$10)*SUM(V$2:V$301)) | BD7: =MAX(0,1-BC7) | BE7: =IF(SUM($BD$2:$BD$7)<0.000000001,1/6,BD7/SUM($BD$2:$BD$7))
A8: =IF(Datos!A8="","",Datos!A8) | B8: =IF(Datos!A8="","",Datos!B8) | C8: =IF(Datos!A8="","",IFERROR(MAX(0,N(Datos!D8)),0)) | D8: =IF(Datos!A8="","",IFERROR(MAX(0,N(Datos!E8)),0)) | E8: =IF(Datos!A8="","",IFERROR(MAX(0,N(Datos!F8)),0)) | F8: =IF(Datos!A8="","",IFERROR(MAX(0,N(Datos!G8)),0)) | G8: =IF(Datos!A8="","",IFERROR(MAX(0,N(Datos!H8)),0)) | H8: =IF(Datos!A8="","",IFERROR(MAX(0,N(Datos!I8)),0)) | J8: =IF(Datos!A8="","",IF(MAX(C$2:C$301)-MIN(C$2:C$301)<0.000000001,0.5,(C8-MIN(C$2:C$301))/(MAX(C$2:C$301)-MIN(C$2:C$301)))+0.000000001) | K8: =IF(Datos!A8="","",IF(MAX(D$2:D$301)-MIN(D$2:D$301)<0.000000001,0.5,(D8-MIN(D$2:D$301))/(MAX(D$2:D$301)-MIN(D$2:D$301)))+0.000000001) | L8: =IF(Datos!A8="","",IF(MAX(E$2:E$301)-MIN(E$2:E$301)<0.000000001,0.5,(E8-MIN(E$2:E$301))/(MAX(E$2:E$301)-MIN(E$2:E$301)))+0.000000001) | M8: =IF(Datos!A8="","",IF(MAX(F$2:F$301)-MIN(F$2:F$301)<0.000000001,0.5,(F8-MIN(F$2:F$301))/(MAX(F$2:F$301)-MIN(F$2:F$301)))+0.000000001) | N8: =IF(Datos!A8="","",IF(MAX(G$2:G$301)-MIN(G$2:G$301)<0.000000001,0.5,(G8-MIN(G$2:G$301))/(MAX(G$2:G$301)-MIN(G$2:G$301)))+0.000000001) | O8: =IF(Datos!A8="","",IF(MAX(H$2:H$301)-MIN(H$2:H$301)<0.000000001,0.5,(H8-MIN(H$2:H$301))/(MAX(H$2:H$301)-MIN(H$2:H$301)))+0.000000001) | Q8: =IF(Datos!A8="","",(J8/SUM(J$2:J$301))*LN(J8/SUM(J$2:J$301))) | R8: =IF(Datos!A8="","",(K8/SUM(K$2:K$301))*LN(K8/SUM(K$2:K$301))) | S8: =IF(Datos!A8="","",(L8/SUM(L$2:L$301))*LN(L8/SUM(L$2:L$301))) | T8: =IF(Datos!A8="","",(M8/SUM(M$2:M$301))*LN(M8/SUM(M$2:M$301))) | U8: =IF(Datos!A8="","",(N8/SUM(N$2:N$301))*LN(N8/SUM(N$2:N$301))) | V8: =IF(Datos!A8="","",(O8/SUM(O$2:O$301))*LN(O8/SUM(O$2:O$301))) | X8: =IF(Datos!A8="","",IF(SUMSQ(C$2:C$301)=0,0,C8/SQRT(SUMSQ(C$2:C$301)))*$BE$2) | Y8: =IF(Datos!A8="","",IF(SUMSQ(D$2:D$301)=0,0,D8/SQRT(SUMSQ(D$2:D$301)))*$BE$3) | Z8: =IF(Datos!A8="","",IF(SUMSQ(E$2:E$301)=0,0,E8/SQRT(SUMSQ(E$2:E$301)))*$BE$4) | AA8: =IF(Datos!A8="","",IF(SUMSQ(F$2:F$301)=0,0,F8/SQRT(SUMSQ(F$2:F$301)))*$BE$5) | AB8: =IF(Datos!A8="","",IF(SUMSQ(G$2:G$301)=0,0,G8/SQRT(SUMSQ(G$2:G$301)))*$BE$6) | AC8: =IF(Datos!A8="","",IF(SUMSQ(H$2:H$301)=0,0,H8/SQRT(SUMSQ(H$2:H$301)))*$BE$7) | AE8: =IF(Datos!A8="","",SQRT(SUMXMY2(X8:AC8,$X$303:$AC$303))) | AF8: =IF(Datos!A8="","",SQRT(SUMXMY2(X8:AC8,$X$304:$AC$304))) | AG8: =IF(Datos!A8="","",IF(AE8+AF8<0.000000001,0.5,AF8/(AE8+AF8))) | AH8: =IF(Datos!A8="","",AG8*MAX(C8*D8,1)) | AI8: =IF(Datos!A8="","",SUMIF($AH$2:$AH$301,">="&AH8,$AH$2:$AH$301)/SUM($AH$2:$AH$301)) | AJ8: =IF(Datos!A8="","",IF(AI8<=Parametros!$B$13,"A",IF(AI8<=Parametros!$B$14,"B","C"))) | AK8: =IF(Datos!A8="","",VLOOKUP(AJ8,Parametros!$A$8:$C$10,2,FALSE)) | AL8: =IF(Datos!A8="","",VLOOKUP(AJ8,Parametros!$A$8:$C$10,3,FALSE)) | AM8: =IF(Datos!A8="","",NORMSINV(AK8)) | AN8: =IF(Datos!A8="","",D8/Parametros!$B$4) | AO8: =IF(Datos!A8="","",MAX(0,ROUNDUP(AM8*(AN8*Parametros!$B$3)*SQRT((AL8+E8)),0))) | AP8: =IF(Datos!A8="","",MAX(1,ROUNDUP(AN8*(AL8+E8)+AM8*(AN8*Parametros!$B$3)*SQRT((AL8+E8)),0))) | AQ8: =IF(Datos!A8="","",IF(Datos!J8="","",Datos!J8)) | AR8: =IF(OR(Datos!A8="",AQ8=""),"",MAX(0,AQ8-AP8)) | AS8: =IF(OR(Datos!A8="",AQ8=""),"",AR8*C8) | AT8: =IF(OR(Datos!A8="",AQ8=""),"",IF(AQ8<AO8,"SI","")) | AU8: =IF(Datos!A8="","",IF(AT8="SI","Reponer ahora",IF(AND(AQ8<>"",AR8>0),"Bajar "&TEXT(AR8,"#,##0")&" un.","En rango")))
A9: =IF(Datos!A9="","",Datos!A9) | B9: =IF(Datos!A9="","",Datos!B9) | C9: =IF(Datos!A9="","",IFERROR(MAX(0,N(Datos!D9)),0)) | D9: =IF(Datos!A9="","",IFERROR(MAX(0,N(Datos!E9)),0)) | E9: =IF(Datos!A9="","",IFERROR(MAX(0,N(Datos!F9)),0)) | F9: =IF(Datos!A9="","",IFERROR(MAX(0,N(Datos!G9)),0)) | G9: =IF(Datos!A9="","",IFERROR(MAX(0,N(Datos!H9)),0)) | H9: =IF(Datos!A9="","",IFERROR(MAX(0,N(Datos!I9)),0)) | J9: =IF(Datos!A9="","",IF(MAX(C$2:C$301)-MIN(C$2:C$301)<0.000000001,0.5,(C9-MIN(C$2:C$301))/(MAX(C$2:C$301)-MIN(C$2:C$301)))+0.000000001) | K9: =IF(Datos!A9="","",IF(MAX(D$2:D$301)-MIN(D$2:D$301)<0.000000001,0.5,(D9-MIN(D$2:D$301))/(MAX(D$2:D$301)-MIN(D$2:D$301)))+0.000000001) | L9: =IF(Datos!A9="","",IF(MAX(E$2:E$301)-MIN(E$2:E$301)<0.000000001,0.5,(E9-MIN(E$2:E$301))/(MAX(E$2:E$301)-MIN(E$2:E$301)))+0.000000001) | M9: =IF(Datos!A9="","",IF(MAX(F$2:F$301)-MIN(F$2:F$301)<0.000000001,0.5,(F9-MIN(F$2:F$301))/(MAX(F$2:F$301)-MIN(F$2:F$301)))+0.000000001) | N9: =IF(Datos!A9="","",IF(MAX(G$2:G$301)-MIN(G$2:G$301)<0.000000001,0.5,(G9-MIN(G$2:G$301))/(MAX(G$2:G$301)-MIN(G$2:G$301)))+0.000000001) | O9: =IF(Datos!A9="","",IF(MAX(H$2:H$301)-MIN(H$2:H$301)<0.000000001,0.5,(H9-MIN(H$2:H$301))/(MAX(H$2:H$301)-MIN(H$2:H$301)))+0.000000001) | Q9: =IF(Datos!A9="","",(J9/SUM(J$2:J$301))*LN(J9/SUM(J$2:J$301))) | R9: =IF(Datos!A9="","",(K9/SUM(K$2:K$301))*LN(K9/SUM(K$2:K$301))) | S9: =IF(Datos!A9="","",(L9/SUM(L$2:L$301))*LN(L9/SUM(L$2:L$301))) | T9: =IF(Datos!A9="","",(M9/SUM(M$2:M$301))*LN(M9/SUM(M$2:M$301))) | U9: =IF(Datos!A9="","",(N9/SUM(N$2:N$301))*LN(N9/SUM(N$2:N$301))) | V9: =IF(Datos!A9="","",(O9/SUM(O$2:O$301))*LN(O9/SUM(O$2:O$301))) | X9: =IF(Datos!A9="","",IF(SUMSQ(C$2:C$301)=0,0,C9/SQRT(SUMSQ(C$2:C$301)))*$BE$2) | Y9: =IF(Datos!A9="","",IF(SUMSQ(D$2:D$301)=0,0,D9/SQRT(SUMSQ(D$2:D$301)))*$BE$3) | Z9: =IF(Datos!A9="","",IF(SUMSQ(E$2:E$301)=0,0,E9/SQRT(SUMSQ(E$2:E$301)))*$BE$4) | AA9: =IF(Datos!A9="","",IF(SUMSQ(F$2:F$301)=0,0,F9/SQRT(SUMSQ(F$2:F$301)))*$BE$5) | AB9: =IF(Datos!A9="","",IF(SUMSQ(G$2:G$301)=0,0,G9/SQRT(SUMSQ(G$2:G$301)))*$BE$6) | AC9: =IF(Datos!A9="","",IF(SUMSQ(H$2:H$301)=0,0,H9/SQRT(SUMSQ(H$2:H$301)))*$BE$7) | AE9: =IF(Datos!A9="","",SQRT(SUMXMY2(X9:AC9,$X$303:$AC$303))) | AF9: =IF(Datos!A9="","",SQRT(SUMXMY2(X9:AC9,$X$304:$AC$304))) | AG9: =IF(Datos!A9="","",IF(AE9+AF9<0.000000001,0.5,AF9/(AE9+AF9))) | AH9: =IF(Datos!A9="","",AG9*MAX(C9*D9,1)) | AI9: =IF(Datos!A9="","",SUMIF($AH$2:$AH$301,">="&AH9,$AH$2:$AH$301)/SUM($AH$2:$AH$301)) | AJ9: =IF(Datos!A9="","",IF(AI9<=Parametros!$B$13,"A",IF(AI9<=Parametros!$B$14,"B","C"))) | AK9: =IF(Datos!A9="","",VLOOKUP(AJ9,Parametros!$A$8:$C$10,2,FALSE)) | AL9: =IF(Datos!A9="","",VLOOKUP(AJ9,Parametros!$A$8:$C$10,3,FALSE)) | AM9: =IF(Datos!A9="","",NORMSINV(AK9)) | AN9: =IF(Datos!A9="","",D9/Parametros!$B$4) | AO9: =IF(Datos!A9="","",MAX(0,ROUNDUP(AM9*(AN9*Parametros!$B$3)*SQRT((AL9+E9)),0))) | AP9: =IF(Datos!A9="","",MAX(1,ROUNDUP(AN9*(AL9+E9)+AM9*(AN9*Parametros!$B$3)*SQRT((AL9+E9)),0))) | AQ9: =IF(Datos!A9="","",IF(Datos!J9="","",Datos!J9)) | AR9: =IF(OR(Datos!A9="",AQ9=""),"",MAX(0,AQ9-AP9)) | AS9: =IF(OR(Datos!A9="",AQ9=""),"",AR9*C9) | AT9: =IF(OR(Datos!A9="",AQ9=""),"",IF(AQ9<AO9,"SI","")) | AU9: =IF(Datos!A9="","",IF(AT9="SI","Reponer ahora",IF(AND(AQ9<>"",AR9>0),"Bajar "&TEXT(AR9,"#,##0")&" un.","En rango")))
A10: =IF(Datos!A10="","",Datos!A10) | B10: =IF(Datos!A10="","",Datos!B10) | C10: =IF(Datos!A10="","",IFERROR(MAX(0,N(Datos!D10)),0)) | D10: =IF(Datos!A10="","",IFERROR(MAX(0,N(Datos!E10)),0)) | E10: =IF(Datos!A10="","",IFERROR(MAX(0,N(Datos!F10)),0)) | F10: =IF(Datos!A10="","",IFERROR(MAX(0,N(Datos!G10)),0)) | G10: =IF(Datos!A10="","",IFERROR(MAX(0,N(Datos!H10)),0)) | H10: =IF(Datos!A10="","",IFERROR(MAX(0,N(Datos!I10)),0)) | J10: =IF(Datos!A10="","",IF(MAX(C$2:C$301)-MIN(C$2:C$301)<0.000000001,0.5,(C10-MIN(C$2:C$301))/(MAX(C$2:C$301)-MIN(C$2:C$301)))+0.000000001) | K10: =IF(Datos!A10="","",IF(MAX(D$2:D$301)-MIN(D$2:D$301)<0.000000001,0.5,(D10-MIN(D$2:D$301))/(MAX(D$2:D$301)-MIN(D$2:D$301)))+0.000000001) | L10: =IF(Datos!A10="","",IF(MAX(E$2:E$301)-MIN(E$2:E$301)<0.000000001,0.5,(E10-MIN(E$2:E$301))/(MAX(E$2:E$301)-MIN(E$2:E$301)))+0.000000001) | M10: =IF(Datos!A10="","",IF(MAX(F$2:F$301)-MIN(F$2:F$301)<0.000000001,0.5,(F10-MIN(F$2:F$301))/(MAX(F$2:F$301)-MIN(F$2:F$301)))+0.000000001) | N10: =IF(Datos!A10="","",IF(MAX(G$2:G$301)-MIN(G$2:G$301)<0.000000001,0.5,(G10-MIN(G$2:G$301))/(MAX(G$2:G$301)-MIN(G$2:G$301)))+0.000000001) | O10: =IF(Datos!A10="","",IF(MAX(H$2:H$301)-MIN(H$2:H$301)<0.000000001,0.5,(H10-MIN(H$2:H$301))/(MAX(H$2:H$301)-MIN(H$2:H$301)))+0.000000001) | Q10: =IF(Datos!A10="","",(J10/SUM(J$2:J$301))*LN(J10/SUM(J$2:J$301))) | R10: =IF(Datos!A10="","",(K10/SUM(K$2:K$301))*LN(K10/SUM(K$2:K$301))) | S10: =IF(Datos!A10="","",(L10/SUM(L$2:L$301))*LN(L10/SUM(L$2:L$301))) | T10: =IF(Datos!A10="","",(M10/SUM(M$2:M$301))*LN(M10/SUM(M$2:M$301))) | U10: =IF(Datos!A10="","",(N10/SUM(N$2:N$301))*LN(N10/SUM(N$2:N$301))) | V10: =IF(Datos!A10="","",(O10/SUM(O$2:O$301))*LN(O10/SUM(O$2:O$301))) | X10: =IF(Datos!A10="","",IF(SUMSQ(C$2:C$301)=0,0,C10/SQRT(SUMSQ(C$2:C$301)))*$BE$2) | Y10: =IF(Datos!A10="","",IF(SUMSQ(D$2:D$301)=0,0,D10/SQRT(SUMSQ(D$2:D$301)))*$BE$3) | Z10: =IF(Datos!A10="","",IF(SUMSQ(E$2:E$301)=0,0,E10/SQRT(SUMSQ(E$2:E$301)))*$BE$4) | AA10: =IF(Datos!A10="","",IF(SUMSQ(F$2:F$301)=0,0,F10/SQRT(SUMSQ(F$2:F$301)))*$BE$5) | AB10: =IF(Datos!A10="","",IF(SUMSQ(G$2:G$301)=0,0,G10/SQRT(SUMSQ(G$2:G$301)))*$BE$6) | AC10: =IF(Datos!A10="","",IF(SUMSQ(H$2:H$301)=0,0,H10/SQRT(SUMSQ(H$2:H$301)))*$BE$7) | AE10: =IF(Datos!A10="","",SQRT(SUMXMY2(X10:AC10,$X$303:$AC$303))) | AF10: =IF(Datos!A10="","",SQRT(SUMXMY2(X10:AC10,$X$304:$AC$304))) | AG10: =IF(Datos!A10="","",IF(AE10+AF10<0.000000001,0.5,AF10/(AE10+AF10))) | AH10: =IF(Datos!A10="","",AG10*MAX(C10*D10,1)) | AI10: =IF(Datos!A10="","",SUMIF($AH$2:$AH$301,">="&AH10,$AH$2:$AH$301)/SUM($AH$2:$AH$301)) | AJ10: =IF(Datos!A10="","",IF(AI10<=Parametros!$B$13,"A",IF(AI10<=Parametros!$B$14,"B","C"))) | AK10: =IF(Datos!A10="","",VLOOKUP(AJ10,Parametros!$A$8:$C$10,2,FALSE)) | AL10: =IF(Datos!A10="","",VLOOKUP(AJ10,Parametros!$A$8:$C$10,3,FALSE)) | AM10: =IF(Datos!A10="","",NORMSINV(AK10)) | AN10: =IF(Datos!A10="","",D10/Parametros!$B$4) | AO10: =IF(Datos!A10="","",MAX(0,ROUNDUP(AM10*(AN10*Parametros!$B$3)*SQRT((AL10+E10)),0))) | AP10: =IF(Datos!A10="","",MAX(1,ROUNDUP(AN10*(AL10+E10)+AM10*(AN10*Parametros!$B$3)*SQRT((AL10+E10)),0))) | AQ10: =IF(Datos!A10="","",IF(Datos!J10="","",Datos!J10)) | AR10: =IF(OR(Datos!A10="",AQ10=""),"",MAX(0,AQ10-AP10)) | AS10: =IF(OR(Datos!A10="",AQ10=""),"",AR10*C10) | AT10: =IF(OR(Datos!A10="",AQ10=""),"",IF(AQ10<AO10,"SI","")) | AU10: =IF(Datos!A10="","",IF(AT10="SI","Reponer ahora",IF(AND(AQ10<>"",AR10>0),"Bajar "&TEXT(AR10,"#,##0")&" un.","En rango"))) | BD10: Repuestos con datos | BE10: =COUNT(Datos!D2:D301)
A11: =IF(Datos!A11="","",Datos!A11) | B11: =IF(Datos!A11="","",Datos!B11) | C11: =IF(Datos!A11="","",IFERROR(MAX(0,N(Datos!D11)),0)) | D11: =IF(Datos!A11="","",IFERROR(MAX(0,N(Datos!E11)),0)) | E11: =IF(Datos!A11="","",IFERROR(MAX(0,N(Datos!F11)),0)) | F11: =IF(Datos!A11="","",IFERROR(MAX(0,N(Datos!G11)),0)) | G11: =IF(Datos!A11="","",IFERROR(MAX(0,N(Datos!H11)),0)) | H11: =IF(Datos!A11="","",IFERROR(MAX(0,N(Datos!I11)),0)) | J11: =IF(Datos!A11="","",IF(MAX(C$2:C$301)-MIN(C$2:C$301)<0.000000001,0.5,(C11-MIN(C$2:C$301))/(MAX(C$2:C$301)-MIN(C$2:C$301)))+0.000000001) | K11: =IF(Datos!A11="","",IF(MAX(D$2:D$301)-MIN(D$2:D$301)<0.000000001,0.5,(D11-MIN(D$2:D$301))/(MAX(D$2:D$301)-MIN(D$2:D$301)))+0.000000001) | L11: =IF(Datos!A11="","",IF(MAX(E$2:E$301)-MIN(E$2:E$301)<0.000000001,0.5,(E11-MIN(E$2:E$301))/(MAX(E$2:E$301)-MIN(E$2:E$301)))+0.000000001) | M11: =IF(Datos!A11="","",IF(MAX(F$2:F$301)-MIN(F$2:F$301)<0.000000001,0.5,(F11-MIN(F$2:F$301))/(MAX(F$2:F$301)-MIN(F$2:F$301)))+0.000000001) | N11: =IF(Datos!A11="","",IF(MAX(G$2:G$301)-MIN(G$2:G$301)<0.000000001,0.5,(G11-MIN(G$2:G$301))/(MAX(G$2:G$301)-MIN(G$2:G$301)))+0.000000001) | O11: =IF(Datos!A11="","",IF(MAX(H$2:H$301)-MIN(H$2:H$301)<0.000000001,0.5,(H11-MIN(H$2:H$301))/(MAX(H$2:H$301)-MIN(H$2:H$301)))+0.000000001) | Q11: =IF(Datos!A11="","",(J11/SUM(J$2:J$301))*LN(J11/SUM(J$2:J$301))) | R11: =IF(Datos!A11="","",(K11/SUM(K$2:K$301))*LN(K11/SUM(K$2:K$301))) | S11: =IF(Datos!A11="","",(L11/SUM(L$2:L$301))*LN(L11/SUM(L$2:L$301))) | T11: =IF(Datos!A11="","",(M11/SUM(M$2:M$301))*LN(M11/SUM(M$2:M$301))) | U11: =IF(Datos!A11="","",(N11/SUM(N$2:N$301))*LN(N11/SUM(N$2:N$301))) | V11: =IF(Datos!A11="","",(O11/SUM(O$2:O$301))*LN(O11/SUM(O$2:O$301))) | X11: =IF(Datos!A11="","",IF(SUMSQ(C$2:C$301)=0,0,C11/SQRT(SUMSQ(C$2:C$301)))*$BE$2) | Y11: =IF(Datos!A11="","",IF(SUMSQ(D$2:D$301)=0,0,D11/SQRT(SUMSQ(D$2:D$301)))*$BE$3) | Z11: =IF(Datos!A11="","",IF(SUMSQ(E$2:E$301)=0,0,E11/SQRT(SUMSQ(E$2:E$301)))*$BE$4) | AA11: =IF(Datos!A11="","",IF(SUMSQ(F$2:F$301)=0,0,F11/SQRT(SUMSQ(F$2:F$301)))*$BE$5) | AB11: =IF(Datos!A11="","",IF(SUMSQ(G$2:G$301)=0,0,G11/SQRT(SUMSQ(G$2:G$301)))*$BE$6) | AC11: =IF(Datos!A11="","",IF(SUMSQ(H$2:H$301)=0,0,H11/SQRT(SUMSQ(H$2:H$301)))*$BE$7) | AE11: =IF(Datos!A11="","",SQRT(SUMXMY2(X11:AC11,$X$303:$AC$303))) | AF11: =IF(Datos!A11="","",SQRT(SUMXMY2(X11:AC11,$X$304:$AC$304))) | AG11: =IF(Datos!A11="","",IF(AE11+AF11<0.000000001,0.5,AF11/(AE11+AF11))) | AH11: =IF(Datos!A11="","",AG11*MAX(C11*D11,1)) | AI11: =IF(Datos!A11="","",SUMIF($AH$2:$AH$301,">="&AH11,$AH$2:$AH$301)/SUM($AH$2:$AH$301)) | AJ11: =IF(Datos!A11="","",IF(AI11<=Parametros!$B$13,"A",IF(AI11<=Parametros!$B$14,"B","C"))) | AK11: =IF(Datos!A11="","",VLOOKUP(AJ11,Parametros!$A$8:$C$10,2,FALSE)) | AL11: =IF(Datos!A11="","",VLOOKUP(AJ11,Parametros!$A$8:$C$10,3,FALSE)) | AM11: =IF(Datos!A11="","",NORMSINV(AK11)) | AN11: =IF(Datos!A11="","",D11/Parametros!$B$4) | AO11: =IF(Datos!A11="","",MAX(0,ROUNDUP(AM11*(AN11*Parametros!$B$3)*SQRT((AL11+E11)),0))) | AP11: =IF(Datos!A11="","",MAX(1,ROUNDUP(AN11*(AL11+E11)+AM11*(AN11*Parametros!$B$3)*SQRT((AL11+E11)),0))) | AQ11: =IF(Datos!A11="","",IF(Datos!J11="","",Datos!J11)) | AR11: =IF(OR(Datos!A11="",AQ11=""),"",MAX(0,AQ11-AP11)) | AS11: =IF(OR(Datos!A11="",AQ11=""),"",AR11*C11) | AT11: =IF(OR(Datos!A11="",AQ11=""),"",IF(AQ11<AO11,"SI","")) | AU11: =IF(Datos!A11="","",IF(AT11="SI","Reponer ahora",IF(AND(AQ11<>"",AR11>0),"Bajar "&TEXT(AR11,"#,##0")&" un.","En rango")))
A12: =IF(Datos!A12="","",Datos!A12) | B12: =IF(Datos!A12="","",Datos!B12) | C12: =IF(Datos!A12="","",IFERROR(MAX(0,N(Datos!D12)),0)) | D12: =IF(Datos!A12="","",IFERROR(MAX(0,N(Datos!E12)),0)) | E12: =IF(Datos!A12="","",IFERROR(MAX(0,N(Datos!F12)),0)) | F12: =IF(Datos!A12="","",IFERROR(MAX(0,N(Datos!G12)),0)) | G12: =IF(Datos!A12="","",IFERROR(MAX(0,N(Datos!H12)),0)) | H12: =IF(Datos!A12="","",IFERROR(MAX(0,N(Datos!I12)),0)) | J12: =IF(Datos!A12="","",IF(MAX(C$2:C$301)-MIN(C$2:C$301)<0.000000001,0.5,(C12-MIN(C$2:C$301))/(MAX(C$2:C$301)-MIN(C$2:C$301)))+0.000000001) | K12: =IF(Datos!A12="","",IF(MAX(D$2:D$301)-MIN(D$2:D$301)<0.000000001,0.5,(D12-MIN(D$2:D$301))/(MAX(D$2:D$301)-MIN(D$2:D$301)))+0.000000001) | L12: =IF(Datos!A12="","",IF(MAX(E$2:E$301)-MIN(E$2:E$301)<0.000000001,0.5,(E12-MIN(E$2:E$301))/(MAX(E$2:E$301)-MIN(E$2:E$301)))+0.000000001) | M12: =IF(Datos!A12="","",IF(MAX(F$2:F$301)-MIN(F$2:F$301)<0.000000001,0.5,(F12-MIN(F$2:F$301))/(MAX(F$2:F$301)-MIN(F$2:F$301)))+0.000000001) | N12: =IF(Datos!A12="","",IF(MAX(G$2:G$301)-MIN(G$2:G$301)<0.000000001,0.5,(G12-MIN(G$2:G$301))/(MAX(G$2:G$301)-MIN(G$2:G$301)))+0.000000001) | O12: =IF(Datos!A12="","",IF(MAX(H$2:H$301)-MIN(H$2:H$301)<0.000000001,0.5,(H12-MIN(H$2:H$301))/(MAX(H$2:H$301)-MIN(H$2:H$301)))+0.000000001) | Q12: =IF(Datos!A12="","",(J12/SUM(J$2:J$301))*LN(J12/SUM(J$2:J$301))) | R12: =IF(Datos!A12="","",(K12/SUM(K$2:K$301))*LN(K12/SUM(K$2:K$301))) | S12: =IF(Datos!A12="","",(L12/SUM(L$2:L$301))*LN(L12/SUM(L$2:L$301))) | T12: =IF(Datos!A12="","",(M12/SUM(M$2:M$301))*LN(M12/SUM(M$2:M$301))) | U12: =IF(Datos!A12="","",(N12/SUM(N$2:N$301))*LN(N12/SUM(N$2:N$301))) | V12: =IF(Datos!A12="","",(O12/SUM(O$2:O$301))*LN(O12/SUM(O$2:O$301))) | X12: =IF(Datos!A12="","",IF(SUMSQ(C$2:C$301)=0,0,C12/SQRT(SUMSQ(C$2:C$301)))*$BE$2) | Y12: =IF(Datos!A12="","",IF(SUMSQ(D$2:D$301)=0,0,D12/SQRT(SUMSQ(D$2:D$301)))*$BE$3) | Z12: =IF(Datos!A12="","",IF(SUMSQ(E$2:E$301)=0,0,E12/SQRT(SUMSQ(E$2:E$301)))*$BE$4) | AA12: =IF(Datos!A12="","",IF(SUMSQ(F$2:F$301)=0,0,F12/SQRT(SUMSQ(F$2:F$301)))*$BE$5) | AB12: =IF(Datos!A12="","",IF(SUMSQ(G$2:G$301)=0,0,G12/SQRT(SUMSQ(G$2:G$301)))*$BE$6) | AC12: =IF(Datos!A12="","",IF(SUMSQ(H$2:H$301)=0,0,H12/SQRT(SUMSQ(H$2:H$301)))*$BE$7) | AE12: =IF(Datos!A12="","",SQRT(SUMXMY2(X12:AC12,$X$303:$AC$303))) | AF12: =IF(Datos!A12="","",SQRT(SUMXMY2(X12:AC12,$X$304:$AC$304))) | AG12: =IF(Datos!A12="","",IF(AE12+AF12<0.000000001,0.5,AF12/(AE12+AF12))) | AH12: =IF(Datos!A12="","",AG12*MAX(C12*D12,1)) | AI12: =IF(Datos!A12="","",SUMIF($AH$2:$AH$301,">="&AH12,$AH$2:$AH$301)/SUM($AH$2:$AH$301)) | AJ12: =IF(Datos!A12="","",IF(AI12<=Parametros!$B$13,"A",IF(AI12<=Parametros!$B$14,"B","C"))) | AK12: =IF(Datos!A12="","",VLOOKUP(AJ12,Parametros!$A$8:$C$10,2,FALSE)) | AL12: =IF(Datos!A12="","",VLOOKUP(AJ12,Parametros!$A$8:$C$10,3,FALSE)) | AM12: =IF(Datos!A12="","",NORMSINV(AK12)) | AN12: =IF(Datos!A12="","",D12/Parametros!$B$4) | AO12: =IF(Datos!A12="","",MAX(0,ROUNDUP(AM12*(AN12*Parametros!$B$3)*SQRT((AL12+E12)),0))) | AP12: =IF(Datos!A12="","",MAX(1,ROUNDUP(AN12*(AL12+E12)+AM12*(AN12*Parametros!$B$3)*SQRT((AL12+E12)),0))) | AQ12: =IF(Datos!A12="","",IF(Datos!J12="","",Datos!J12)) | AR12: =IF(OR(Datos!A12="",AQ12=""),"",MAX(0,AQ12-AP12)) | AS12: =IF(OR(Datos!A12="",AQ12=""),"",AR12*C12) | AT12: =IF(OR(Datos!A12="",AQ12=""),"",IF(AQ12<AO12,"SI","")) | AU12: =IF(Datos!A12="","",IF(AT12="SI","Reponer ahora",IF(AND(AQ12<>"",AR12>0),"Bajar "&TEXT(AR12,"#,##0")&" un.","En rango")))
A13: =IF(Datos!A13="","",Datos!A13) | B13: =IF(Datos!A13="","",Datos!B13) | C13: =IF(Datos!A13="","",IFERROR(MAX(0,N(Datos!D13)),0)) | D13: =IF(Datos!A13="","",IFERROR(MAX(0,N(Datos!E13)),0)) | E13: =IF(Datos!A13="","",IFERROR(MAX(0,N(Datos!F13)),0)) | F13: =IF(Datos!A13="","",IFERROR(MAX(0,N(Datos!G13)),0)) | G13: =IF(Datos!A13="","",IFERROR(MAX(0,N(Datos!H13)),0)) | H13: =IF(Datos!A13="","",IFERROR(MAX(0,N(Datos!I13)),0)) | J13: =IF(Datos!A13="","",IF(MAX(C$2:C$301)-MIN(C$2:C$301)<0.000000001,0.5,(C13-MIN(C$2:C$301))/(MAX(C$2:C$301)-MIN(C$2:C$301)))+0.000000001) | K13: =IF(Datos!A13="","",IF(MAX(D$2:D$301)-MIN(D$2:D$301)<0.000000001,0.5,(D13-MIN(D$2:D$301))/(MAX(D$2:D$301)-MIN(D$2:D$301)))+0.000000001) | L13: =IF(Datos!A13="","",IF(MAX(E$2:E$301)-MIN(E$2:E$301)<0.000000001,0.5,(E13-MIN(E$2:E$301))/(MAX(E$2:E$301)-MIN(E$2:E$301)))+0.000000001) | M13: =IF(Datos!A13="","",IF(MAX(F$2:F$301)-MIN(F$2:F$301)<0.000000001,0.5,(F13-MIN(F$2:F$301))/(MAX(F$2:F$301)-MIN(F$2:F$301)))+0.000000001) | N13: =IF(Datos!A13="","",IF(MAX(G$2:G$301)-MIN(G$2:G$301)<0.000000001,0.5,(G13-MIN(G$2:G$301))/(MAX(G$2:G$301)-MIN(G$2:G$301)))+0.000000001) | O13: =IF(Datos!A13="","",IF(MAX(H$2:H$301)-MIN(H$2:H$301)<0.000000001,0.5,(H13-MIN(H$2:H$301))/(MAX(H$2:H$301)-MIN(H$2:H$301)))+0.000000001) | Q13: =IF(Datos!A13="","",(J13/SUM(J$2:J$301))*LN(J13/SUM(J$2:J$301))) | R13: =IF(Datos!A13="","",(K13/SUM(K$2:K$301))*LN(K13/SUM(K$2:K$301))) | S13: =IF(Datos!A13="","",(L13/SUM(L$2:L$301))*LN(L13/SUM(L$2:L$301))) | T13: =IF(Datos!A13="","",(M13/SUM(M$2:M$301))*LN(M13/SUM(M$2:M$301))) | U13: =IF(Datos!A13="","",(N13/SUM(N$2:N$301))*LN(N13/SUM(N$2:N$301))) | V13: =IF(Datos!A13="","",(O13/SUM(O$2:O$301))*LN(O13/SUM(O$2:O$301))) | X13: =IF(Datos!A13="","",IF(SUMSQ(C$2:C$301)=0,0,C13/SQRT(SUMSQ(C$2:C$301)))*$BE$2) | Y13: =IF(Datos!A13="","",IF(SUMSQ(D$2:D$301)=0,0,D13/SQRT(SUMSQ(D$2:D$301)))*$BE$3) | Z13: =IF(Datos!A13="","",IF(SUMSQ(E$2:E$301)=0,0,E13/SQRT(SUMSQ(E$2:E$301)))*$BE$4) | AA13: =IF(Datos!A13="","",IF(SUMSQ(F$2:F$301)=0,0,F13/SQRT(SUMSQ(F$2:F$301)))*$BE$5) | AB13: =IF(Datos!A13="","",IF(SUMSQ(G$2:G$301)=0,0,G13/SQRT(SUMSQ(G$2:G$301)))*$BE$6) | AC13: =IF(Datos!A13="","",IF(SUMSQ(H$2:H$301)=0,0,H13/SQRT(SUMSQ(H$2:H$301)))*$BE$7) | AE13: =IF(Datos!A13="","",SQRT(SUMXMY2(X13:AC13,$X$303:$AC$303))) | AF13: =IF(Datos!A13="","",SQRT(SUMXMY2(X13:AC13,$X$304:$AC$304))) | AG13: =IF(Datos!A13="","",IF(AE13+AF13<0.000000001,0.5,AF13/(AE13+AF13))) | AH13: =IF(Datos!A13="","",AG13*MAX(C13*D13,1)) | AI13: =IF(Datos!A13="","",SUMIF($AH$2:$AH$301,">="&AH13,$AH$2:$AH$301)/SUM($AH$2:$AH$301)) | AJ13: =IF(Datos!A13="","",IF(AI13<=Parametros!$B$13,"A",IF(AI13<=Parametros!$B$14,"B","C"))) | AK13: =IF(Datos!A13="","",VLOOKUP(AJ13,Parametros!$A$8:$C$10,2,FALSE)) | AL13: =IF(Datos!A13="","",VLOOKUP(AJ13,Parametros!$A$8:$C$10,3,FALSE)) | AM13: =IF(Datos!A13="","",NORMSINV(AK13)) | AN13: =IF(Datos!A13="","",D13/Parametros!$B$4) | AO13: =IF(Datos!A13="","",MAX(0,ROUNDUP(AM13*(AN13*Parametros!$B$3)*SQRT((AL13+E13)),0))) | AP13: =IF(Datos!A13="","",MAX(1,ROUNDUP(AN13*(AL13+E13)+AM13*(AN13*Parametros!$B$3)*SQRT((AL13+E13)),0))) | AQ13: =IF(Datos!A13="","",IF(Datos!J13="","",Datos!J13)) | AR13: =IF(OR(Datos!A13="",AQ13=""),"",MAX(0,AQ13-AP13)) | AS13: =IF(OR(Datos!A13="",AQ13=""),"",AR13*C13) | AT13: =IF(OR(Datos!A13="",AQ13=""),"",IF(AQ13<AO13,"SI","")) | AU13: =IF(Datos!A13="","",IF(AT13="SI","Reponer ahora",IF(AND(AQ13<>"",AR13>0),"Bajar "&TEXT(AR13,"#,##0")&" un.","En rango")))
A14: =IF(Datos!A14="","",Datos!A14) | B14: =IF(Datos!A14="","",Datos!B14) | C14: =IF(Datos!A14="","",IFERROR(MAX(0,N(Datos!D14)),0)) | D14: =IF(Datos!A14="","",IFERROR(MAX(0,N(Datos!E14)),0)) | E14: =IF(Datos!A14="","",IFERROR(MAX(0,N(Datos!F14)),0)) | F14: =IF(Datos!A14="","",IFERROR(MAX(0,N(Datos!G14)),0)) | G14: =IF(Datos!A14="","",IFERROR(MAX(0,N(Datos!H14)),0)) | H14: =IF(Datos!A14="","",IFERROR(MAX(0,N(Datos!I14)),0)) | J14: =IF(Datos!A14="","",IF(MAX(C$2:C$301)-MIN(C$2:C$301)<0.000000001,0.5,(C14-MIN(C$2:C$301))/(MAX(C$2:C$301)-MIN(C$2:C$301)))+0.000000001) | K14: =IF(Datos!A14="","",IF(MAX(D$2:D$301)-MIN(D$2:D$301)<0.000000001,0.5,(D14-MIN(D$2:D$301))/(MAX(D$2:D$301)-MIN(D$2:D$301)))+0.000000001) | L14: =IF(Datos!A14="","",IF(MAX(E$2:E$301)-MIN(E$2:E$301)<0.000000001,0.5,(E14-MIN(E$2:E$301))/(MAX(E$2:E$301)-MIN(E$2:E$301)))+0.000000001) | M14: =IF(Datos!A14="","",IF(MAX(F$2:F$301)-MIN(F$2:F$301)<0.000000001,0.5,(F14-MIN(F$2:F$301))/(MAX(F$2:F$301)-MIN(F$2:F$301)))+0.000000001) | N14: =IF(Datos!A14="","",IF(MAX(G$2:G$301)-MIN(G$2:G$301)<0.000000001,0.5,(G14-MIN(G$2:G$301))/(MAX(G$2:G$301)-MIN(G$2:G$301)))+0.000000001) | O14: =IF(Datos!A14="","",IF(MAX(H$2:H$301)-MIN(H$2:H$301)<0.000000001,0.5,(H14-MIN(H$2:H$301))/(MAX(H$2:H$301)-MIN(H$2:H$301)))+0.000000001) | Q14: =IF(Datos!A14="","",(J14/SUM(J$2:J$301))*LN(J14/SUM(J$2:J$301))) | R14: =IF(Datos!A14="","",(K14/SUM(K$2:K$301))*LN(K14/SUM(K$2:K$301))) | S14: =IF(Datos!A14="","",(L14/SUM(L$2:L$301))*LN(L14/SUM(L$2:L$301))) | T14: =IF(Datos!A14="","",(M14/SUM(M$2:M$301))*LN(M14/SUM(M$2:M$301))) | U14: =IF(Datos!A14="","",(N14/SUM(N$2:N$301))*LN(N14/SUM(N$2:N$301))) | V14: =IF(Datos!A14="","",(O14/SUM(O$2:O$301))*LN(O14/SUM(O$2:O$301))) | X14: =IF(Datos!A14="","",IF(SUMSQ(C$2:C$301)=0,0,C14/SQRT(SUMSQ(C$2:C$301)))*$BE$2) | Y14: =IF(Datos!A14="","",IF(SUMSQ(D$2:D$301)=0,0,D14/SQRT(SUMSQ(D$2:D$301)))*$BE$3) | Z14: =IF(Datos!A14="","",IF(SUMSQ(E$2:E$301)=0,0,E14/SQRT(SUMSQ(E$2:E$301)))*$BE$4) | AA14: =IF(Datos!A14="","",IF(SUMSQ(F$2:F$301)=0,0,F14/SQRT(SUMSQ(F$2:F$301)))*$BE$5) | AB14: =IF(Datos!A14="","",IF(SUMSQ(G$2:G$301)=0,0,G14/SQRT(SUMSQ(G$2:G$301)))*$BE$6) | AC14: =IF(Datos!A14="","",IF(SUMSQ(H$2:H$301)=0,0,H14/SQRT(SUMSQ(H$2:H$301)))*$BE$7) | AE14: =IF(Datos!A14="","",SQRT(SUMXMY2(X14:AC14,$X$303:$AC$303))) | AF14: =IF(Datos!A14="","",SQRT(SUMXMY2(X14:AC14,$X$304:$AC$304))) | AG14: =IF(Datos!A14="","",IF(AE14+AF14<0.000000001,0.5,AF14/(AE14+AF14))) | AH14: =IF(Datos!A14="","",AG14*MAX(C14*D14,1)) | AI14: =IF(Datos!A14="","",SUMIF($AH$2:$AH$301,">="&AH14,$AH$2:$AH$301)/SUM($AH$2:$AH$301)) | AJ14: =IF(Datos!A14="","",IF(AI14<=Parametros!$B$13,"A",IF(AI14<=Parametros!$B$14,"B","C"))) | AK14: =IF(Datos!A14="","",VLOOKUP(AJ14,Parametros!$A$8:$C$10,2,FALSE)) | AL14: =IF(Datos!A14="","",VLOOKUP(AJ14,Parametros!$A$8:$C$10,3,FALSE)) | AM14: =IF(Datos!A14="","",NORMSINV(AK14)) | AN14: =IF(Datos!A14="","",D14/Parametros!$B$4) | AO14: =IF(Datos!A14="","",MAX(0,ROUNDUP(AM14*(AN14*Parametros!$B$3)*SQRT((AL14+E14)),0))) | AP14: =IF(Datos!A14="","",MAX(1,ROUNDUP(AN14*(AL14+E14)+AM14*(AN14*Parametros!$B$3)*SQRT((AL14+E14)),0))) | AQ14: =IF(Datos!A14="","",IF(Datos!J14="","",Datos!J14)) | AR14: =IF(OR(Datos!A14="",AQ14=""),"",MAX(0,AQ14-AP14)) | AS14: =IF(OR(Datos!A14="",AQ14=""),"",AR14*C14) | AT14: =IF(OR(Datos!A14="",AQ14=""),"",IF(AQ14<AO14,"SI","")) | AU14: =IF(Datos!A14="","",IF(AT14="SI","Reponer ahora",IF(AND(AQ14<>"",AR14>0),"Bajar "&TEXT(AR14,"#,##0")&" un.","En rango")))
A15: =IF(Datos!A15="","",Datos!A15) | B15: =IF(Datos!A15="","",Datos!B15) | C15: =IF(Datos!A15="","",IFERROR(MAX(0,N(Datos!D15)),0)) | D15: =IF(Datos!A15="","",IFERROR(MAX(0,N(Datos!E15)),0)) | E15: =IF(Datos!A15="","",IFERROR(MAX(0,N(Datos!F15)),0)) | F15: =IF(Datos!A15="","",IFERROR(MAX(0,N(Datos!G15)),0)) | G15: =IF(Datos!A15="","",IFERROR(MAX(0,N(Datos!H15)),0)) | H15: =IF(Datos!A15="","",IFERROR(MAX(0,N(Datos!I15)),0)) | J15: =IF(Datos!A15="","",IF(MAX(C$2:C$301)-MIN(C$2:C$301)<0.000000001,0.5,(C15-MIN(C$2:C$301))/(MAX(C$2:C$301)-MIN(C$2:C$301)))+0.000000001) | K15: =IF(Datos!A15="","",IF(MAX(D$2:D$301)-MIN(D$2:D$301)<0.000000001,0.5,(D15-MIN(D$2:D$301))/(MAX(D$2:D$301)-MIN(D$2:D$301)))+0.000000001) | L15: =IF(Datos!A15="","",IF(MAX(E$2:E$301)-MIN(E$2:E$301)<0.000000001,0.5,(E15-MIN(E$2:E$301))/(MAX(E$2:E$301)-MIN(E$2:E$301)))+0.000000001) | M15: =IF(Datos!A15="","",IF(MAX(F$2:F$301)-MIN(F$2:F$301)<0.000000001,0.5,(F15-MIN(F$2:F$301))/(MAX(F$2:F$301)-MIN(F$2:F$301)))+0.000000001) | N15: =IF(Datos!A15="","",IF(MAX(G$2:G$301)-MIN(G$2:G$301)<0.000000001,0.5,(G15-MIN(G$2:G$301))/(MAX(G$2:G$301)-MIN(G$2:G$301)))+0.000000001) | O15: =IF(Datos!A15="","",IF(MAX(H$2:H$301)-MIN(H$2:H$301)<0.000000001,0.5,(H15-MIN(H$2:H$301))/(MAX(H$2:H$301)-MIN(H$2:H$301)))+0.000000001) | Q15: =IF(Datos!A15="","",(J15/SUM(J$2:J$301))*LN(J15/SUM(J$2:J$301))) | R15: =IF(Datos!A15="","",(K15/SUM(K$2:K$301))*LN(K15/SUM(K$2:K$301))) | S15: =IF(Datos!A15="","",(L15/SUM(L$2:L$301))*LN(L15/SUM(L$2:L$301))) | T15: =IF(Datos!A15="","",(M15/SUM(M$2:M$301))*LN(M15/SUM(M$2:M$301))) | U15: =IF(Datos!A15="","",(N15/SUM(N$2:N$301))*LN(N15/SUM(N$2:N$301))) | V15: =IF(Datos!A15="","",(O15/SUM(O$2:O$301))*LN(O15/SUM(O$2:O$301))) | X15: =IF(Datos!A15="","",IF(SUMSQ(C$2:C$301)=0,0,C15/SQRT(SUMSQ(C$2:C$301)))*$BE$2) | Y15: =IF(Datos!A15="","",IF(SUMSQ(D$2:D$301)=0,0,D15/SQRT(SUMSQ(D$2:D$301)))*$BE$3) | Z15: =IF(Datos!A15="","",IF(SUMSQ(E$2:E$301)=0,0,E15/SQRT(SUMSQ(E$2:E$301)))*$BE$4) | AA15: =IF(Datos!A15="","",IF(SUMSQ(F$2:F$301)=0,0,F15/SQRT(SUMSQ(F$2:F$301)))*$BE$5) | AB15: =IF(Datos!A15="","",IF(SUMSQ(G$2:G$301)=0,0,G15/SQRT(SUMSQ(G$2:G$301)))*$BE$6) | AC15: =IF(Datos!A15="","",IF(SUMSQ(H$2:H$301)=0,0,H15/SQRT(SUMSQ(H$2:H$301)))*$BE$7) | AE15: =IF(Datos!A15="","",SQRT(SUMXMY2(X15:AC15,$X$303:$AC$303))) | AF15: =IF(Datos!A15="","",SQRT(SUMXMY2(X15:AC15,$X$304:$AC$304))) | AG15: =IF(Datos!A15="","",IF(AE15+AF15<0.000000001,0.5,AF15/(AE15+AF15))) | AH15: =IF(Datos!A15="","",AG15*MAX(C15*D15,1)) | AI15: =IF(Datos!A15="","",SUMIF($AH$2:$AH$301,">="&AH15,$AH$2:$AH$301)/SUM($AH$2:$AH$301)) | AJ15: =IF(Datos!A15="","",IF(AI15<=Parametros!$B$13,"A",IF(AI15<=Parametros!$B$14,"B","C"))) | AK15: =IF(Datos!A15="","",VLOOKUP(AJ15,Parametros!$A$8:$C$10,2,FALSE)) | AL15: =IF(Datos!A15="","",VLOOKUP(AJ15,Parametros!$A$8:$C$10,3,FALSE)) | AM15: =IF(Datos!A15="","",NORMSINV(AK15)) | AN15: =IF(Datos!A15="","",D15/Parametros!$B$4) | AO15: =IF(Datos!A15="","",MAX(0,ROUNDUP(AM15*(AN15*Parametros!$B$3)*SQRT((AL15+E15)),0))) | AP15: =IF(Datos!A15="","",MAX(1,ROUNDUP(AN15*(AL15+E15)+AM15*(AN15*Parametros!$B$3)*SQRT((AL15+E15)),0))) | AQ15: =IF(Datos!A15="","",IF(Datos!J15="","",Datos!J15)) | AR15: =IF(OR(Datos!A15="",AQ15=""),"",MAX(0,AQ15-AP15)) | AS15: =IF(OR(Datos!A15="",AQ15=""),"",AR15*C15) | AT15: =IF(OR(Datos!A15="",AQ15=""),"",IF(AQ15<AO15,"SI","")) | AU15: =IF(Datos!A15="","",IF(AT15="SI","Reponer ahora",IF(AND(AQ15<>"",AR15>0),"Bajar "&TEXT(AR15,"#,##0")&" un.","En rango")))
A16: =IF(Datos!A16="","",Datos!A16) | B16: =IF(Datos!A16="","",Datos!B16) | C16: =IF(Datos!A16="","",IFERROR(MAX(0,N(Datos!D16)),0)) | D16: =IF(Datos!A16="","",IFERROR(MAX(0,N(Datos!E16)),0)) | E16: =IF(Datos!A16="","",IFERROR(MAX(0,N(Datos!F16)),0)) | F16: =IF(Datos!A16="","",IFERROR(MAX(0,N(Datos!G16)),0)) | G16: =IF(Datos!A16="","",IFERROR(MAX(0,N(Datos!H16)),0)) | H16: =IF(Datos!A16="","",IFERROR(MAX(0,N(Datos!I16)),0)) | J16: =IF(Datos!A16="","",IF(MAX(C$2:C$301)-MIN(C$2:C$301)<0.000000001,0.5,(C16-MIN(C$2:C$301))/(MAX(C$2:C$301)-MIN(C$2:C$301)))+0.000000001) | K16: =IF(Datos!A16="","",IF(MAX(D$2:D$301)-MIN(D$2:D$301)<0.000000001,0.5,(D16-MIN(D$2:D$301))/(MAX(D$2:D$301)-MIN(D$2:D$301)))+0.000000001) | L16: =IF(Datos!A16="","",IF(MAX(E$2:E$301)-MIN(E$2:E$301)<0.000000001,0.5,(E16-MIN(E$2:E$301))/(MAX(E$2:E$301)-MIN(E$2:E$301)))+0.000000001) | M16: =IF(Datos!A16="","",IF(MAX(F$2:F$301)-MIN(F$2:F$301)<0.000000001,0.5,(F16-MIN(F$2:F$301))/(MAX(F$2:F$301)-MIN(F$2:F$301)))+0.000000001) | N16: =IF(Datos!A16="","",IF(MAX(G$2:G$301)-MIN(G$2:G$301)<0.000000001,0.5,(G16-MIN(G$2:G$301))/(MAX(G$2:G$301)-MIN(G$2:G$301)))+0.000000001) | O16: =IF(Datos!A16="","",IF(MAX(H$2:H$301)-MIN(H$2:H$301)<0.000000001,0.5,(H16-MIN(H$2:H$301))/(MAX(H$2:H$301)-MIN(H$2:H$301)))+0.000000001) | Q16: =IF(Datos!A16="","",(J16/SUM(J$2:J$301))*LN(J16/SUM(J$2:J$301))) | R16: =IF(Datos!A16="","",(K16/SUM(K$2:K$301))*LN(K16/SUM(K$2:K$301))) | S16: =IF(Datos!A16="","",(L16/SUM(L$2:L$301))*LN(L16/SUM(L$2:L$301))) | T16: =IF(Datos!A16="","",(M16/SUM(M$2:M$301))*LN(M16/SUM(M$2:M$301))) | U16: =IF(Datos!A16="","",(N16/SUM(N$2:N$301))*LN(N16/SUM(N$2:N$301))) | V16: =IF(Datos!A16="","",(O16/SUM(O$2:O$301))*LN(O16/SUM(O$2:O$301))) | X16: =IF(Datos!A16="","",IF(SUMSQ(C$2:C$301)=0,0,C16/SQRT(SUMSQ(C$2:C$301)))*$BE$2) | Y16: =IF(Datos!A16="","",IF(SUMSQ(D$2:D$301)=0,0,D16/SQRT(SUMSQ(D$2:D$301)))*$BE$3) | Z16: =IF(Datos!A16="","",IF(SUMSQ(E$2:E$301)=0,0,E16/SQRT(SUMSQ(E$2:E$301)))*$BE$4) | AA16: =IF(Datos!A16="","",IF(SUMSQ(F$2:F$301)=0,0,F16/SQRT(SUMSQ(F$2:F$301)))*$BE$5) | AB16: =IF(Datos!A16="","",IF(SUMSQ(G$2:G$301)=0,0,G16/SQRT(SUMSQ(G$2:G$301)))*$BE$6) | AC16: =IF(Datos!A16="","",IF(SUMSQ(H$2:H$301)=0,0,H16/SQRT(SUMSQ(H$2:H$301)))*$BE$7) | AE16: =IF(Datos!A16="","",SQRT(SUMXMY2(X16:AC16,$X$303:$AC$303))) | AF16: =IF(Datos!A16="","",SQRT(SUMXMY2(X16:AC16,$X$304:$AC$304))) | AG16: =IF(Datos!A16="","",IF(AE16+AF16<0.000000001,0.5,AF16/(AE16+AF16))) | AH16: =IF(Datos!A16="","",AG16*MAX(C16*D16,1)) | AI16: =IF(Datos!A16="","",SUMIF($AH$2:$AH$301,">="&AH16,$AH$2:$AH$301)/SUM($AH$2:$AH$301)) | AJ16: =IF(Datos!A16="","",IF(AI16<=Parametros!$B$13,"A",IF(AI16<=Parametros!$B$14,"B","C"))) | AK16: =IF(Datos!A16="","",VLOOKUP(AJ16,Parametros!$A$8:$C$10,2,FALSE)) | AL16: =IF(Datos!A16="","",VLOOKUP(AJ16,Parametros!$A$8:$C$10,3,FALSE)) | AM16: =IF(Datos!A16="","",NORMSINV(AK16)) | AN16: =IF(Datos!A16="","",D16/Parametros!$B$4) | AO16: =IF(Datos!A16="","",MAX(0,ROUNDUP(AM16*(AN16*Parametros!$B$3)*SQRT((AL16+E16)),0))) | AP16: =IF(Datos!A16="","",MAX(1,ROUNDUP(AN16*(AL16+E16)+AM16*(AN16*Parametros!$B$3)*SQRT((AL16+E16)),0))) | AQ16: =IF(Datos!A16="","",IF(Datos!J16="","",Datos!J16)) | AR16: =IF(OR(Datos!A16="",AQ16=""),"",MAX(0,AQ16-AP16)) | AS16: =IF(OR(Datos!A16="",AQ16=""),"",AR16*C16) | AT16: =IF(OR(Datos!A16="",AQ16=""),"",IF(AQ16<AO16,"SI","")) | AU16: =IF(Datos!A16="","",IF(AT16="SI","Reponer ahora",IF(AND(AQ16<>"",AR16>0),"Bajar "&TEXT(AR16,"#,##0")&" un.","En rango")))
A17: =IF(Datos!A17="","",Datos!A17) | B17: =IF(Datos!A17="","",Datos!B17) | C17: =IF(Datos!A17="","",IFERROR(MAX(0,N(Datos!D17)),0)) | D17: =IF(Datos!A17="","",IFERROR(MAX(0,N(Datos!E17)),0)) | E17: =IF(Datos!A17="","",IFERROR(MAX(0,N(Datos!F17)),0)) | F17: =IF(Datos!A17="","",IFERROR(MAX(0,N(Datos!G17)),0)) | G17: =IF(Datos!A17="","",IFERROR(MAX(0,N(Datos!H17)),0)) | H17: =IF(Datos!A17="","",IFERROR(MAX(0,N(Datos!I17)),0)) | J17: =IF(Datos!A17="","",IF(MAX(C$2:C$301)-MIN(C$2:C$301)<0.000000001,0.5,(C17-MIN(C$2:C$301))/(MAX(C$2:C$301)-MIN(C$2:C$301)))+0.000000001) | K17: =IF(Datos!A17="","",IF(MAX(D$2:D$301)-MIN(D$2:D$301)<0.000000001,0.5,(D17-MIN(D$2:D$301))/(MAX(D$2:D$301)-MIN(D$2:D$301)))+0.000000001) | L17: =IF(Datos!A17="","",IF(MAX(E$2:E$301)-MIN(E$2:E$301)<0.000000001,0.5,(E17-MIN(E$2:E$301))/(MAX(E$2:E$301)-MIN(E$2:E$301)))+0.000000001) | M17: =IF(Datos!A17="","",IF(MAX(F$2:F$301)-MIN(F$2:F$301)<0.000000001,0.5,(F17-MIN(F$2:F$301))/(MAX(F$2:F$301)-MIN(F$2:F$301)))+0.000000001) | N17: =IF(Datos!A17="","",IF(MAX(G$2:G$301)-MIN(G$2:G$301)<0.000000001,0.5,(G17-MIN(G$2:G$301))/(MAX(G$2:G$301)-MIN(G$2:G$301)))+0.000000001) | O17: =IF(Datos!A17="","",IF(MAX(H$2:H$301)-MIN(H$2:H$301)<0.000000001,0.5,(H17-MIN(H$2:H$301))/(MAX(H$2:H$301)-MIN(H$2:H$301)))+0.000000001) | Q17: =IF(Datos!A17="","",(J17/SUM(J$2:J$301))*LN(J17/SUM(J$2:J$301))) | R17: =IF(Datos!A17="","",(K17/SUM(K$2:K$301))*LN(K17/SUM(K$2:K$301))) | S17: =IF(Datos!A17="","",(L17/SUM(L$2:L$301))*LN(L17/SUM(L$2:L$301))) | T17: =IF(Datos!A17="","",(M17/SUM(M$2:M$301))*LN(M17/SUM(M$2:M$301))) | U17: =IF(Datos!A17="","",(N17/SUM(N$2:N$301))*LN(N17/SUM(N$2:N$301))) | V17: =IF(Datos!A17="","",(O17/SUM(O$2:O$301))*LN(O17/SUM(O$2:O$301))) | X17: =IF(Datos!A17="","",IF(SUMSQ(C$2:C$301)=0,0,C17/SQRT(SUMSQ(C$2:C$301)))*$BE$2) | Y17: =IF(Datos!A17="","",IF(SUMSQ(D$2:D$301)=0,0,D17/SQRT(SUMSQ(D$2:D$301)))*$BE$3) | Z17: =IF(Datos!A17="","",IF(SUMSQ(E$2:E$301)=0,0,E17/SQRT(SUMSQ(E$2:E$301)))*$BE$4) | AA17: =IF(Datos!A17="","",IF(SUMSQ(F$2:F$301)=0,0,F17/SQRT(SUMSQ(F$2:F$301)))*$BE$5) | AB17: =IF(Datos!A17="","",IF(SUMSQ(G$2:G$301)=0,0,G17/SQRT(SUMSQ(G$2:G$301)))*$BE$6) | AC17: =IF(Datos!A17="","",IF(SUMSQ(H$2:H$301)=0,0,H17/SQRT(SUMSQ(H$2:H$301)))*$BE$7) | AE17: =IF(Datos!A17="","",SQRT(SUMXMY2(X17:AC17,$X$303:$AC$303))) | AF17: =IF(Datos!A17="","",SQRT(SUMXMY2(X17:AC17,$X$304:$AC$304))) | AG17: =IF(Datos!A17="","",IF(AE17+AF17<0.000000001,0.5,AF17/(AE17+AF17))) | AH17: =IF(Datos!A17="","",AG17*MAX(C17*D17,1)) | AI17: =IF(Datos!A17="","",SUMIF($AH$2:$AH$301,">="&AH17,$AH$2:$AH$301)/SUM($AH$2:$AH$301)) | AJ17: =IF(Datos!A17="","",IF(AI17<=Parametros!$B$13,"A",IF(AI17<=Parametros!$B$14,"B","C"))) | AK17: =IF(Datos!A17="","",VLOOKUP(AJ17,Parametros!$A$8:$C$10,2,FALSE)) | AL17: =IF(Datos!A17="","",VLOOKUP(AJ17,Parametros!$A$8:$C$10,3,FALSE)) | AM17: =IF(Datos!A17="","",NORMSINV(AK17)) | AN17: =IF(Datos!A17="","",D17/Parametros!$B$4) | AO17: =IF(Datos!A17="","",MAX(0,ROUNDUP(AM17*(AN17*Parametros!$B$3)*SQRT((AL17+E17)),0))) | AP17: =IF(Datos!A17="","",MAX(1,ROUNDUP(AN17*(AL17+E17)+AM17*(AN17*Parametros!$B$3)*SQRT((AL17+E17)),0))) | AQ17: =IF(Datos!A17="","",IF(Datos!J17="","",Datos!J17)) | AR17: =IF(OR(Datos!A17="",AQ17=""),"",MAX(0,AQ17-AP17)) | AS17: =IF(OR(Datos!A17="",AQ17=""),"",AR17*C17) | AT17: =IF(OR(Datos!A17="",AQ17=""),"",IF(AQ17<AO17,"SI","")) | AU17: =IF(Datos!A17="","",IF(AT17="SI","Reponer ahora",IF(AND(AQ17<>"",AR17>0),"Bajar "&TEXT(AR17,"#,##0")&" un.","En rango")))
A18: =IF(Datos!A18="","",Datos!A18) | B18: =IF(Datos!A18="","",Datos!B18) | C18: =IF(Datos!A18="","",IFERROR(MAX(0,N(Datos!D18)),0)) | D18: =IF(Datos!A18="","",IFERROR(MAX(0,N(Datos!E18)),0)) | E18: =IF(Datos!A18="","",IFERROR(MAX(0,N(Datos!F18)),0)) | F18: =IF(Datos!A18="","",IFERROR(MAX(0,N(Datos!G18)),0)) | G18: =IF(Datos!A18="","",IFERROR(MAX(0,N(Datos!H18)),0)) | H18: =IF(Datos!A18="","",IFERROR(MAX(0,N(Datos!I18)),0)) | J18: =IF(Datos!A18="","",IF(MAX(C$2:C$301)-MIN(C$2:C$301)<0.000000001,0.5,(C18-MIN(C$2:C$301))/(MAX(C$2:C$301)-MIN(C$2:C$301)))+0.000000001) | K18: =IF(Datos!A18="","",IF(MAX(D$2:D$301)-MIN(D$2:D$301)<0.000000001,0.5,(D18-MIN(D$2:D$301))/(MAX(D$2:D$301)-MIN(D$2:D$301)))+0.000000001) | L18: =IF(Datos!A18="","",IF(MAX(E$2:E$301)-MIN(E$2:E$301)<0.000000001,0.5,(E18-MIN(E$2:E$301))/(MAX(E$2:E$301)-MIN(E$2:E$301)))+0.000000001) | M18: =IF(Datos!A18="","",IF(MAX(F$2:F$301)-MIN(F$2:F$301)<0.000000001,0.5,(F18-MIN(F$2:F$301))/(MAX(F$2:F$301)-MIN(F$2:F$301)))+0.000000001) | N18: =IF(Datos!A18="","",IF(MAX(G$2:G$301)-MIN(G$2:G$301)<0.000000001,0.5,(G18-MIN(G$2:G$301))/(MAX(G$2:G$301)-MIN(G$2:G$301)))+0.000000001) | O18: =IF(Datos!A18="","",IF(MAX(H$2:H$301)-MIN(H$2:H$301)<0.000000001,0.5,(H18-MIN(H$2:H$301))/(MAX(H$2:H$301)-MIN(H$2:H$301)))+0.000000001) | Q18: =IF(Datos!A18="","",(J18/SUM(J$2:J$301))*LN(J18/SUM(J$2:J$301))) | R18: =IF(Datos!A18="","",(K18/SUM(K$2:K$301))*LN(K18/SUM(K$2:K$301))) | S18: =IF(Datos!A18="","",(L18/SUM(L$2:L$301))*LN(L18/SUM(L$2:L$301))) | T18: =IF(Datos!A18="","",(M18/SUM(M$2:M$301))*LN(M18/SUM(M$2:M$301))) | U18: =IF(Datos!A18="","",(N18/SUM(N$2:N$301))*LN(N18/SUM(N$2:N$301))) | V18: =IF(Datos!A18="","",(O18/SUM(O$2:O$301))*LN(O18/SUM(O$2:O$301))) | X18: =IF(Datos!A18="","",IF(SUMSQ(C$2:C$301)=0,0,C18/SQRT(SUMSQ(C$2:C$301)))*$BE$2) | Y18: =IF(Datos!A18="","",IF(SUMSQ(D$2:D$301)=0,0,D18/SQRT(SUMSQ(D$2:D$301)))*$BE$3) | Z18: =IF(Datos!A18="","",IF(SUMSQ(E$2:E$301)=0,0,E18/SQRT(SUMSQ(E$2:E$301)))*$BE$4) | AA18: =IF(Datos!A18="","",IF(SUMSQ(F$2:F$301)=0,0,F18/SQRT(SUMSQ(F$2:F$301)))*$BE$5) | AB18: =IF(Datos!A18="","",IF(SUMSQ(G$2:G$301)=0,0,G18/SQRT(SUMSQ(G$2:G$301)))*$BE$6) | AC18: =IF(Datos!A18="","",IF(SUMSQ(H$2:H$301)=0,0,H18/SQRT(SUMSQ(H$2:H$301)))*$BE$7) | AE18: =IF(Datos!A18="","",SQRT(SUMXMY2(X18:AC18,$X$303:$AC$303))) | AF18: =IF(Datos!A18="","",SQRT(SUMXMY2(X18:AC18,$X$304:$AC$304))) | AG18: =IF(Datos!A18="","",IF(AE18+AF18<0.000000001,0.5,AF18/(AE18+AF18))) | AH18: =IF(Datos!A18="","",AG18*MAX(C18*D18,1)) | AI18: =IF(Datos!A18="","",SUMIF($AH$2:$AH$301,">="&AH18,$AH$2:$AH$301)/SUM($AH$2:$AH$301)) | AJ18: =IF(Datos!A18="","",IF(AI18<=Parametros!$B$13,"A",IF(AI18<=Parametros!$B$14,"B","C"))) | AK18: =IF(Datos!A18="","",VLOOKUP(AJ18,Parametros!$A$8:$C$10,2,FALSE)) | AL18: =IF(Datos!A18="","",VLOOKUP(AJ18,Parametros!$A$8:$C$10,3,FALSE)) | AM18: =IF(Datos!A18="","",NORMSINV(AK18)) | AN18: =IF(Datos!A18="","",D18/Parametros!$B$4) | AO18: =IF(Datos!A18="","",MAX(0,ROUNDUP(AM18*(AN18*Parametros!$B$3)*SQRT((AL18+E18)),0))) | AP18: =IF(Datos!A18="","",MAX(1,ROUNDUP(AN18*(AL18+E18)+AM18*(AN18*Parametros!$B$3)*SQRT((AL18+E18)),0))) | AQ18: =IF(Datos!A18="","",IF(Datos!J18="","",Datos!J18)) | AR18: =IF(OR(Datos!A18="",AQ18=""),"",MAX(0,AQ18-AP18)) | AS18: =IF(OR(Datos!A18="",AQ18=""),"",AR18*C18) | AT18: =IF(OR(Datos!A18="",AQ18=""),"",IF(AQ18<AO18,"SI","")) | AU18: =IF(Datos!A18="","",IF(AT18="SI","Reponer ahora",IF(AND(AQ18<>"",AR18>0),"Bajar "&TEXT(AR18,"#,##0")&" un.","En rango")))
A19: =IF(Datos!A19="","",Datos!A19) | B19: =IF(Datos!A19="","",Datos!B19) | C19: =IF(Datos!A19="","",IFERROR(MAX(0,N(Datos!D19)),0)) | D19: =IF(Datos!A19="","",IFERROR(MAX(0,N(Datos!E19)),0)) | E19: =IF(Datos!A19="","",IFERROR(MAX(0,N(Datos!F19)),0)) | F19: =IF(Datos!A19="","",IFERROR(MAX(0,N(Datos!G19)),0)) | G19: =IF(Datos!A19="","",IFERROR(MAX(0,N(Datos!H19)),0)) | H19: =IF(Datos!A19="","",IFERROR(MAX(0,N(Datos!I19)),0)) | J19: =IF(Datos!A19="","",IF(MAX(C$2:C$301)-MIN(C$2:C$301)<0.000000001,0.5,(C19-MIN(C$2:C$301))/(MAX(C$2:C$301)-MIN(C$2:C$301)))+0.000000001) | K19: =IF(Datos!A19="","",IF(MAX(D$2:D$301)-MIN(D$2:D$301)<0.000000001,0.5,(D19-MIN(D$2:D$301))/(MAX(D$2:D$301)-MIN(D$2:D$301)))+0.000000001) | L19: =IF(Datos!A19="","",IF(MAX(E$2:E$301)-MIN(E$2:E$301)<0.000000001,0.5,(E19-MIN(E$2:E$301))/(MAX(E$2:E$301)-MIN(E$2:E$301)))+0.000000001) | M19: =IF(Datos!A19="","",IF(MAX(F$2:F$301)-MIN(F$2:F$301)<0.000000001,0.5,(F19-MIN(F$2:F$301))/(MAX(F$2:F$301)-MIN(F$2:F$301)))+0.000000001) | N19: =IF(Datos!A19="","",IF(MAX(G$2:G$301)-MIN(G$2:G$301)<0.000000001,0.5,(G19-MIN(G$2:G$301))/(MAX(G$2:G$301)-MIN(G$2:G$301)))+0.000000001) | O19: =IF(Datos!A19="","",IF(MAX(H$2:H$301)-MIN(H$2:H$301)<0.000000001,0.5,(H19-MIN(H$2:H$301))/(MAX(H$2:H$301)-MIN(H$2:H$301)))+0.000000001) | Q19: =IF(Datos!A19="","",(J19/SUM(J$2:J$301))*LN(J19/SUM(J$2:J$301))) | R19: =IF(Datos!A19="","",(K19/SUM(K$2:K$301))*LN(K19/SUM(K$2:K$301))) | S19: =IF(Datos!A19="","",(L19/SUM(L$2:L$301))*LN(L19/SUM(L$2:L$301))) | T19: =IF(Datos!A19="","",(M19/SUM(M$2:M$301))*LN(M19/SUM(M$2:M$301))) | U19: =IF(Datos!A19="","",(N19/SUM(N$2:N$301))*LN(N19/SUM(N$2:N$301))) | V19: =IF(Datos!A19="","",(O19/SUM(O$2:O$301))*LN(O19/SUM(O$2:O$301))) | X19: =IF(Datos!A19="","",IF(SUMSQ(C$2:C$301)=0,0,C19/SQRT(SUMSQ(C$2:C$301)))*$BE$2) | Y19: =IF(Datos!A19="","",IF(SUMSQ(D$2:D$301)=0,0,D19/SQRT(SUMSQ(D$2:D$301)))*$BE$3) | Z19: =IF(Datos!A19="","",IF(SUMSQ(E$2:E$301)=0,0,E19/SQRT(SUMSQ(E$2:E$301)))*$BE$4) | AA19: =IF(Datos!A19="","",IF(SUMSQ(F$2:F$301)=0,0,F19/SQRT(SUMSQ(F$2:F$301)))*$BE$5) | AB19: =IF(Datos!A19="","",IF(SUMSQ(G$2:G$301)=0,0,G19/SQRT(SUMSQ(G$2:G$301)))*$BE$6) | AC19: =IF(Datos!A19="","",IF(SUMSQ(H$2:H$301)=0,0,H19/SQRT(SUMSQ(H$2:H$301)))*$BE$7) | AE19: =IF(Datos!A19="","",SQRT(SUMXMY2(X19:AC19,$X$303:$AC$303))) | AF19: =IF(Datos!A19="","",SQRT(SUMXMY2(X19:AC19,$X$304:$AC$304))) | AG19: =IF(Datos!A19="","",IF(AE19+AF19<0.000000001,0.5,AF19/(AE19+AF19))) | AH19: =IF(Datos!A19="","",AG19*MAX(C19*D19,1)) | AI19: =IF(Datos!A19="","",SUMIF($AH$2:$AH$301,">="&AH19,$AH$2:$AH$301)/SUM($AH$2:$AH$301)) | AJ19: =IF(Datos!A19="","",IF(AI19<=Parametros!$B$13,"A",IF(AI19<=Parametros!$B$14,"B","C"))) | AK19: =IF(Datos!A19="","",VLOOKUP(AJ19,Parametros!$A$8:$C$10,2,FALSE)) | AL19: =IF(Datos!A19="","",VLOOKUP(AJ19,Parametros!$A$8:$C$10,3,FALSE)) | AM19: =IF(Datos!A19="","",NORMSINV(AK19)) | AN19: =IF(Datos!A19="","",D19/Parametros!$B$4) | AO19: =IF(Datos!A19="","",MAX(0,ROUNDUP(AM19*(AN19*Parametros!$B$3)*SQRT((AL19+E19)),0))) | AP19: =IF(Datos!A19="","",MAX(1,ROUNDUP(AN19*(AL19+E19)+AM19*(AN19*Parametros!$B$3)*SQRT((AL19+E19)),0))) | AQ19: =IF(Datos!A19="","",IF(Datos!J19="","",Datos!J19)) | AR19: =IF(OR(Datos!A19="",AQ19=""),"",MAX(0,AQ19-AP19)) | AS19: =IF(OR(Datos!A19="",AQ19=""),"",AR19*C19) | AT19: =IF(OR(Datos!A19="",AQ19=""),"",IF(AQ19<AO19,"SI","")) | AU19: =IF(Datos!A19="","",IF(AT19="SI","Reponer ahora",IF(AND(AQ19<>"",AR19>0),"Bajar "&TEXT(AR19,"#,##0")&" un.","En rango")))
A20: =IF(Datos!A20="","",Datos!A20) | B20: =IF(Datos!A20="","",Datos!B20) | C20: =IF(Datos!A20="","",IFERROR(MAX(0,N(Datos!D20)),0)) | D20: =IF(Datos!A20="","",IFERROR(MAX(0,N(Datos!E20)),0)) | E20: =IF(Datos!A20="","",IFERROR(MAX(0,N(Datos!F20)),0)) | F20: =IF(Datos!A20="","",IFERROR(MAX(0,N(Datos!G20)),0)) | G20: =IF(Datos!A20="","",IFERROR(MAX(0,N(Datos!H20)),0)) | H20: =IF(Datos!A20="","",IFERROR(MAX(0,N(Datos!I20)),0)) | J20: =IF(Datos!A20="","",IF(MAX(C$2:C$301)-MIN(C$2:C$301)<0.000000001,0.5,(C20-MIN(C$2:C$301))/(MAX(C$2:C$301)-MIN(C$2:C$301)))+0.000000001) | K20: =IF(Datos!A20="","",IF(MAX(D$2:D$301)-MIN(D$2:D$301)<0.000000001,0.5,(D20-MIN(D$2:D$301))/(MAX(D$2:D$301)-MIN(D$2:D$301)))+0.000000001) | L20: =IF(Datos!A20="","",IF(MAX(E$2:E$301)-MIN(E$2:E$301)<0.000000001,0.5,(E20-MIN(E$2:E$301))/(MAX(E$2:E$301)-MIN(E$2:E$301)))+0.000000001) | M20: =IF(Datos!A20="","",IF(MAX(F$2:F$301)-MIN(F$2:F$301)<0.000000001,0.5,(F20-MIN(F$2:F$301))/(MAX(F$2:F$301)-MIN(F$2:F$301)))+0.000000001) | N20: =IF(Datos!A20="","",IF(MAX(G$2:G$301)-MIN(G$2:G$301)<0.000000001,0.5,(G20-MIN(G$2:G$301))/(MAX(G$2:G$301)-MIN(G$2:G$301)))+0.000000001) | O20: =IF(Datos!A20="","",IF(MAX(H$2:H$301)-MIN(H$2:H$301)<0.000000001,0.5,(H20-MIN(H$2:H$301))/(MAX(H$2:H$301)-MIN(H$2:H$301)))+0.000000001) | Q20: =IF(Datos!A20="","",(J20/SUM(J$2:J$301))*LN(J20/SUM(J$2:J$301))) | R20: =IF(Datos!A20="","",(K20/SUM(K$2:K$301))*LN(K20/SUM(K$2:K$301))) | S20: =IF(Datos!A20="","",(L20/SUM(L$2:L$301))*LN(L20/SUM(L$2:L$301))) | T20: =IF(Datos!A20="","",(M20/SUM(M$2:M$301))*LN(M20/SUM(M$2:M$301))) | U20: =IF(Datos!A20="","",(N20/SUM(N$2:N$301))*LN(N20/SUM(N$2:N$301))) | V20: =IF(Datos!A20="","",(O20/SUM(O$2:O$301))*LN(O20/SUM(O$2:O$301))) | X20: =IF(Datos!A20="","",IF(SUMSQ(C$2:C$301)=0,0,C20/SQRT(SUMSQ(C$2:C$301)))*$BE$2) | Y20: =IF(Datos!A20="","",IF(SUMSQ(D$2:D$301)=0,0,D20/SQRT(SUMSQ(D$2:D$301)))*$BE$3) | Z20: =IF(Datos!A20="","",IF(SUMSQ(E$2:E$301)=0,0,E20/SQRT(SUMSQ(E$2:E$301)))*$BE$4) | AA20: =IF(Datos!A20="","",IF(SUMSQ(F$2:F$301)=0,0,F20/SQRT(SUMSQ(F$2:F$301)))*$BE$5) | AB20: =IF(Datos!A20="","",IF(SUMSQ(G$2:G$301)=0,0,G20/SQRT(SUMSQ(G$2:G$301)))*$BE$6) | AC20: =IF(Datos!A20="","",IF(SUMSQ(H$2:H$301)=0,0,H20/SQRT(SUMSQ(H$2:H$301)))*$BE$7) | AE20: =IF(Datos!A20="","",SQRT(SUMXMY2(X20:AC20,$X$303:$AC$303))) | AF20: =IF(Datos!A20="","",SQRT(SUMXMY2(X20:AC20,$X$304:$AC$304))) | AG20: =IF(Datos!A20="","",IF(AE20+AF20<0.000000001,0.5,AF20/(AE20+AF20))) | AH20: =IF(Datos!A20="","",AG20*MAX(C20*D20,1)) | AI20: =IF(Datos!A20="","",SUMIF($AH$2:$AH$301,">="&AH20,$AH$2:$AH$301)/SUM($AH$2:$AH$301)) | AJ20: =IF(Datos!A20="","",IF(AI20<=Parametros!$B$13,"A",IF(AI20<=Parametros!$B$14,"B","C"))) | AK20: =IF(Datos!A20="","",VLOOKUP(AJ20,Parametros!$A$8:$C$10,2,FALSE)) | AL20: =IF(Datos!A20="","",VLOOKUP(AJ20,Parametros!$A$8:$C$10,3,FALSE)) | AM20: =IF(Datos!A20="","",NORMSINV(AK20)) | AN20: =IF(Datos!A20="","",D20/Parametros!$B$4) | AO20: =IF(Datos!A20="","",MAX(0,ROUNDUP(AM20*(AN20*Parametros!$B$3)*SQRT((AL20+E20)),0))) | AP20: =IF(Datos!A20="","",MAX(1,ROUNDUP(AN20*(AL20+E20)+AM20*(AN20*Parametros!$B$3)*SQRT((AL20+E20)),0))) | AQ20: =IF(Datos!A20="","",IF(Datos!J20="","",Datos!J20)) | AR20: =IF(OR(Datos!A20="",AQ20=""),"",MAX(0,AQ20-AP20)) | AS20: =IF(OR(Datos!A20="",AQ20=""),"",AR20*C20) | AT20: =IF(OR(Datos!A20="",AQ20=""),"",IF(AQ20<AO20,"SI","")) | AU20: =IF(Datos!A20="","",IF(AT20="SI","Reponer ahora",IF(AND(AQ20<>"",AR20>0),"Bajar "&TEXT(AR20,"#,##0")&" un.","En rango")))
A21: =IF(Datos!A21="","",Datos!A21) | B21: =IF(Datos!A21="","",Datos!B21) | C21: =IF(Datos!A21="","",IFERROR(MAX(0,N(Datos!D21)),0)) | D21: =IF(Datos!A21="","",IFERROR(MAX(0,N(Datos!E21)),0)) | E21: =IF(Datos!A21="","",IFERROR(MAX(0,N(Datos!F21)),0)) | F21: =IF(Datos!A21="","",IFERROR(MAX(0,N(Datos!G21)),0)) | G21: =IF(Datos!A21="","",IFERROR(MAX(0,N(Datos!H21)),0)) | H21: =IF(Datos!A21="","",IFERROR(MAX(0,N(Datos!I21)),0)) | J21: =IF(Datos!A21="","",IF(MAX(C$2:C$301)-MIN(C$2:C$301)<0.000000001,0.5,(C21-MIN(C$2:C$301))/(MAX(C$2:C$301)-MIN(C$2:C$301)))+0.000000001) | K21: =IF(Datos!A21="","",IF(MAX(D$2:D$301)-MIN(D$2:D$301)<0.000000001,0.5,(D21-MIN(D$2:D$301))/(MAX(D$2:D$301)-MIN(D$2:D$301)))+0.000000001) | L21: =IF(Datos!A21="","",IF(MAX(E$2:E$301)-MIN(E$2:E$301)<0.000000001,0.5,(E21-MIN(E$2:E$301))/(MAX(E$2:E$301)-MIN(E$2:E$301)))+0.000000001) | M21: =IF(Datos!A21="","",IF(MAX(F$2:F$301)-MIN(F$2:F$301)<0.000000001,0.5,(F21-MIN(F$2:F$301))/(MAX(F$2:F$301)-MIN(F$2:F$301)))+0.000000001) | N21: =IF(Datos!A21="","",IF(MAX(G$2:G$301)-MIN(G$2:G$301)<0.000000001,0.5,(G21-MIN(G$2:G$301))/(MAX(G$2:G$301)-MIN(G$2:G$301)))+0.000000001) | O21: =IF(Datos!A21="","",IF(MAX(H$2:H$301)-MIN(H$2:H$301)<0.000000001,0.5,(H21-MIN(H$2:H$301))/(MAX(H$2:H$301)-MIN(H$2:H$301)))+0.000000001) | Q21: =IF(Datos!A21="","",(J21/SUM(J$2:J$301))*LN(J21/SUM(J$2:J$301))) | R21: =IF(Datos!A21="","",(K21/SUM(K$2:K$301))*LN(K21/SUM(K$2:K$301))) | S21: =IF(Datos!A21="","",(L21/SUM(L$2:L$301))*LN(L21/SUM(L$2:L$301))) | T21: =IF(Datos!A21="","",(M21/SUM(M$2:M$301))*LN(M21/SUM(M$2:M$301))) | U21: =IF(Datos!A21="","",(N21/SUM(N$2:N$301))*LN(N21/SUM(N$2:N$301))) | V21: =IF(Datos!A21="","",(O21/SUM(O$2:O$301))*LN(O21/SUM(O$2:O$301))) | X21: =IF(Datos!A21="","",IF(SUMSQ(C$2:C$301)=0,0,C21/SQRT(SUMSQ(C$2:C$301)))*$BE$2) | Y21: =IF(Datos!A21="","",IF(SUMSQ(D$2:D$301)=0,0,D21/SQRT(SUMSQ(D$2:D$301)))*$BE$3) | Z21: =IF(Datos!A21="","",IF(SUMSQ(E$2:E$301)=0,0,E21/SQRT(SUMSQ(E$2:E$301)))*$BE$4) | AA21: =IF(Datos!A21="","",IF(SUMSQ(F$2:F$301)=0,0,F21/SQRT(SUMSQ(F$2:F$301)))*$BE$5) | AB21: =IF(Datos!A21="","",IF(SUMSQ(G$2:G$301)=0,0,G21/SQRT(SUMSQ(G$2:G$301)))*$BE$6) | AC21: =IF(Datos!A21="","",IF(SUMSQ(H$2:H$301)=0,0,H21/SQRT(SUMSQ(H$2:H$301)))*$BE$7) | AE21: =IF(Datos!A21="","",SQRT(SUMXMY2(X21:AC21,$X$303:$AC$303))) | AF21: =IF(Datos!A21="","",SQRT(SUMXMY2(X21:AC21,$X$304:$AC$304))) | AG21: =IF(Datos!A21="","",IF(AE21+AF21<0.000000001,0.5,AF21/(AE21+AF21))) | AH21: =IF(Datos!A21="","",AG21*MAX(C21*D21,1)) | AI21: =IF(Datos!A21="","",SUMIF($AH$2:$AH$301,">="&AH21,$AH$2:$AH$301)/SUM($AH$2:$AH$301)) | AJ21: =IF(Datos!A21="","",IF(AI21<=Parametros!$B$13,"A",IF(AI21<=Parametros!$B$14,"B","C"))) | AK21: =IF(Datos!A21="","",VLOOKUP(AJ21,Parametros!$A$8:$C$10,2,FALSE)) | AL21: =IF(Datos!A21="","",VLOOKUP(AJ21,Parametros!$A$8:$C$10,3,FALSE)) | AM21: =IF(Datos!A21="","",NORMSINV(AK21)) | AN21: =IF(Datos!A21="","",D21/Parametros!$B$4) | AO21: =IF(Datos!A21="","",MAX(0,ROUNDUP(AM21*(AN21*Parametros!$B$3)*SQRT((AL21+E21)),0))) | AP21: =IF(Datos!A21="","",MAX(1,ROUNDUP(AN21*(AL21+E21)+AM21*(AN21*Parametros!$B$3)*SQRT((AL21+E21)),0))) | AQ21: =IF(Datos!A21="","",IF(Datos!J21="","",Datos!J21)) | AR21: =IF(OR(Datos!A21="",AQ21=""),"",MAX(0,AQ21-AP21)) | AS21: =IF(OR(Datos!A21="",AQ21=""),"",AR21*C21) | AT21: =IF(OR(Datos!A21="",AQ21=""),"",IF(AQ21<AO21,"SI","")) | AU21: =IF(Datos!A21="","",IF(AT21="SI","Reponer ahora",IF(AND(AQ21<>"",AR21>0),"Bajar "&TEXT(AR21,"#,##0")&" un.","En rango")))
A22: =IF(Datos!A22="","",Datos!A22) | B22: =IF(Datos!A22="","",Datos!B22) | C22: =IF(Datos!A22="","",IFERROR(MAX(0,N(Datos!D22)),0)) | D22: =IF(Datos!A22="","",IFERROR(MAX(0,N(Datos!E22)),0)) | E22: =IF(Datos!A22="","",IFERROR(MAX(0,N(Datos!F22)),0)) | F22: =IF(Datos!A22="","",IFERROR(MAX(0,N(Datos!G22)),0)) | G22: =IF(Datos!A22="","",IFERROR(MAX(0,N(Datos!H22)),0)) | H22: =IF(Datos!A22="","",IFERROR(MAX(0,N(Datos!I22)),0)) | J22: =IF(Datos!A22="","",IF(MAX(C$2:C$301)-MIN(C$2:C$301)<0.000000001,0.5,(C22-MIN(C$2:C$301))/(MAX(C$2:C$301)-MIN(C$2:C$301)))+0.000000001) | K22: =IF(Datos!A22="","",IF(MAX(D$2:D$301)-MIN(D$2:D$301)<0.000000001,0.5,(D22-MIN(D$2:D$301))/(MAX(D$2:D$301)-MIN(D$2:D$301)))+0.000000001) | L22: =IF(Datos!A22="","",IF(MAX(E$2:E$301)-MIN(E$2:E$301)<0.000000001,0.5,(E22-MIN(E$2:E$301))/(MAX(E$2:E$301)-MIN(E$2:E$301)))+0.000000001) | M22: =IF(Datos!A22="","",IF(MAX(F$2:F$301)-MIN(F$2:F$301)<0.000000001,0.5,(F22-MIN(F$2:F$301))/(MAX(F$2:F$301)-MIN(F$2:F$301)))+0.000000001) | N22: =IF(Datos!A22="","",IF(MAX(G$2:G$301)-MIN(G$2:G$301)<0.000000001,0.5,(G22-MIN(G$2:G$301))/(MAX(G$2:G$301)-MIN(G$2:G$301)))+0.000000001) | O22: =IF(Datos!A22="","",IF(MAX(H$2:H$301)-MIN(H$2:H$301)<0.000000001,0.5,(H22-MIN(H$2:H$301))/(MAX(H$2:H$301)-MIN(H$2:H$301)))+0.000000001) | Q22: =IF(Datos!A22="","",(J22/SUM(J$2:J$301))*LN(J22/SUM(J$2:J$301))) | R22: =IF(Datos!A22="","",(K22/SUM(K$2:K$301))*LN(K22/SUM(K$2:K$301))) | S22: =IF(Datos!A22="","",(L22/SUM(L$2:L$301))*LN(L22/SUM(L$2:L$301))) | T22: =IF(Datos!A22="","",(M22/SUM(M$2:M$301))*LN(M22/SUM(M$2:M$301))) | U22: =IF(Datos!A22="","",(N22/SUM(N$2:N$301))*LN(N22/SUM(N$2:N$301))) | V22: =IF(Datos!A22="","",(O22/SUM(O$2:O$301))*LN(O22/SUM(O$2:O$301))) | X22: =IF(Datos!A22="","",IF(SUMSQ(C$2:C$301)=0,0,C22/SQRT(SUMSQ(C$2:C$301)))*$BE$2) | Y22: =IF(Datos!A22="","",IF(SUMSQ(D$2:D$301)=0,0,D22/SQRT(SUMSQ(D$2:D$301)))*$BE$3) | Z22: =IF(Datos!A22="","",IF(SUMSQ(E$2:E$301)=0,0,E22/SQRT(SUMSQ(E$2:E$301)))*$BE$4) | AA22: =IF(Datos!A22="","",IF(SUMSQ(F$2:F$301)=0,0,F22/SQRT(SUMSQ(F$2:F$301)))*$BE$5) | AB22: =IF(Datos!A22="","",IF(SUMSQ(G$2:G$301)=0,0,G22/SQRT(SUMSQ(G$2:G$301)))*$BE$6) | AC22: =IF(Datos!A22="","",IF(SUMSQ(H$2:H$301)=0,0,H22/SQRT(SUMSQ(H$2:H$301)))*$BE$7) | AE22: =IF(Datos!A22="","",SQRT(SUMXMY2(X22:AC22,$X$303:$AC$303))) | AF22: =IF(Datos!A22="","",SQRT(SUMXMY2(X22:AC22,$X$304:$AC$304))) | AG22: =IF(Datos!A22="","",IF(AE22+AF22<0.000000001,0.5,AF22/(AE22+AF22))) | AH22: =IF(Datos!A22="","",AG22*MAX(C22*D22,1)) | AI22: =IF(Datos!A22="","",SUMIF($AH$2:$AH$301,">="&AH22,$AH$2:$AH$301)/SUM($AH$2:$AH$301)) | AJ22: =IF(Datos!A22="","",IF(AI22<=Parametros!$B$13,"A",IF(AI22<=Parametros!$B$14,"B","C"))) | AK22: =IF(Datos!A22="","",VLOOKUP(AJ22,Parametros!$A$8:$C$10,2,FALSE)) | AL22: =IF(Datos!A22="","",VLOOKUP(AJ22,Parametros!$A$8:$C$10,3,FALSE)) | AM22: =IF(Datos!A22="","",NORMSINV(AK22)) | AN22: =IF(Datos!A22="","",D22/Parametros!$B$4) | AO22: =IF(Datos!A22="","",MAX(0,ROUNDUP(AM22*(AN22*Parametros!$B$3)*SQRT((AL22+E22)),0))) | AP22: =IF(Datos!A22="","",MAX(1,ROUNDUP(AN22*(AL22+E22)+AM22*(AN22*Parametros!$B$3)*SQRT((AL22+E22)),0))) | AQ22: =IF(Datos!A22="","",IF(Datos!J22="","",Datos!J22)) | AR22: =IF(OR(Datos!A22="",AQ22=""),"",MAX(0,AQ22-AP22)) | AS22: =IF(OR(Datos!A22="",AQ22=""),"",AR22*C22) | AT22: =IF(OR(Datos!A22="",AQ22=""),"",IF(AQ22<AO22,"SI","")) | AU22: =IF(Datos!A22="","",IF(AT22="SI","Reponer ahora",IF(AND(AQ22<>"",AR22>0),"Bajar "&TEXT(AR22,"#,##0")&" un.","En rango")))
... A301: =IF(Datos!A301="","",Datos!A301) | B301: =IF(Datos!A301="","",Datos!B301) | C301: =IF(Datos!A301="","",IFERROR(MAX(0,N(Datos!D301)),0)) | D301: =IF(Datos!A301="","",IFERROR(MAX(0,N(Datos!E301)),0)) | E301: =IF(Datos!A301="","",IFERROR(MAX(0,N(Datos!F301)),0)) | F301: =IF(Datos!A301="","",IFERROR(MAX(0,N(Datos!G301)),0)) | G301: =IF(Datos!A301="","",IFERROR(MAX(0,N(Datos!H301)),0)) | H301: =IF(Datos!A301="","",IFERROR(MAX(0,N(Datos!I301)),0)) | J301: =IF(Datos!A301="","",IF(MAX(C$2:C$301)-MIN(C$2:C$301)<0.000000001,0.5,(C301-MIN(C$2:C$301))/(MAX(C$2:C$301)-MIN(C$2:C$301)))+0.000000001) | K301: =IF(Datos!A301="","",IF(MAX(D$2:D$301)-MIN(D$2:D$301)<0.000000001,0.5,(D301-MIN(D$2:D$301))/(MAX(D$2:D$301)-MIN(D$2:D$301)))+0.000000001) | L301: =IF(Datos!A301="","",IF(MAX(E$2:E$301)-MIN(E$2:E$301)<0.000000001,0.5,(E301-MIN(E$2:E$301))/(MAX(E$2:E$301)-MIN(E$2:E$301)))+0.000000001) | M301: =IF(Datos!A301="","",IF(MAX(F$2:F$301)-MIN(F$2:F$301)<0.000000001,0.5,(F301-MIN(F$2:F$301))/(MAX(F$2:F$301)-MIN(F$2:F$301)))+0.000000001) | N301: =IF(Datos!A301="","",IF(MAX(G$2:G$301)-MIN(G$2:G$301)<0.000000001,0.5,(G301-MIN(G$2:G$301))/(MAX(G$2:G$301)-MIN(G$2:G$301)))+0.000000001) | O301: =IF(Datos!A301="","",IF(MAX(H$2:H$301)-MIN(H$2:H$301)<0.000000001,0.5,(H301-MIN(H$2:H$301))/(MAX(H$2:H$301)-MIN(H$2:H$301)))+0.000000001) | Q301: =IF(Datos!A301="","",(J301/SUM(J$2:J$301))*LN(J301/SUM(J$2:J$301))) | R301: =IF(Datos!A301="","",(K301/SUM(K$2:K$301))*LN(K301/SUM(K$2:K$301))) | S301: =IF(Datos!A301="","",(L301/SUM(L$2:L$301))*LN(L301/SUM(L$2:L$301))) | T301: =IF(Datos!A301="","",(M301/SUM(M$2:M$301))*LN(M301/SUM(M$2:M$301))) | U301: =IF(Datos!A301="","",(N301/SUM(N$2:N$301))*LN(N301/SUM(N$2:N$301))) | V301: =IF(Datos!A301="","",(O301/SUM(O$2:O$301))*LN(O301/SUM(O$2:O$301))) | X301: =IF(Datos!A301="","",IF(SUMSQ(C$2:C$301)=0,0,C301/SQRT(SUMSQ(C$2:C$301)))*$BE$2) | Y301: =IF(Datos!A301="","",IF(SUMSQ(D$2:D$301)=0,0,D301/SQRT(SUMSQ(D$2:D$301)))*$BE$3) | Z301: =IF(Datos!A301="","",IF(SUMSQ(E$2:E$301)=0,0,E301/SQRT(SUMSQ(E$2:E$301)))*$BE$4) | AA301: =IF(Datos!A301="","",IF(SUMSQ(F$2:F$301)=0,0,F301/SQRT(SUMSQ(F$2:F$301)))*$BE$5) | AB301: =IF(Datos!A301="","",IF(SUMSQ(G$2:G$301)=0,0,G301/SQRT(SUMSQ(G$2:G$301)))*$BE$6) | AC301: =IF(Datos!A301="","",IF(SUMSQ(H$2:H$301)=0,0,H301/SQRT(SUMSQ(H$2:H$301)))*$BE$7) | AE301: =IF(Datos!A301="","",SQRT(SUMXMY2(X301:AC301,$X$303:$AC$303))) | AF301: =IF(Datos!A301="","",SQRT(SUMXMY2(X301:AC301,$X$304:$AC$304))) | AG301: =IF(Datos!A301="","",IF(AE301+AF301<0.000000001,0.5,AF301/(AE301+AF301))) | AH301: =IF(Datos!A301="","",AG301*MAX(C301*D301,1)) | AI301: =IF(Datos!A301="","",SUMIF($AH$2:$AH$301,">="&AH301,$AH$2:$AH$301)/SUM($AH$2:$AH$301)) | AJ301: =IF(Datos!A301="","",IF(AI301<=Parametros!$B$13,"A",IF(AI301<=Parametros!$B$14,"B","C"))) | AK301: =IF(Datos!A301="","",VLOOKUP(AJ301,Parametros!$A$8:$C$10,2,FALSE)) | AL301: =IF(Datos!A301="","",VLOOKUP(AJ301,Parametros!$A$8:$C$10,3,FALSE)) | AM301: =IF(Datos!A301="","",NORMSINV(AK301)) | AN301: =IF(Datos!A301="","",D301/Parametros!$B$4) | AO301: =IF(Datos!A301="","",MAX(0,ROUNDUP(AM301*(AN301*Parametros!$B$3)*SQRT((AL301+E301)),0))) | AP301: =IF(Datos!A301="","",MAX(1,ROUNDUP(AN301*(AL301+E301)+AM301*(AN301*Parametros!$B$3)*SQRT((AL301+E301)),0))) | AQ301: =IF(Datos!A301="","",IF(Datos!J301="","",Datos!J301)) | AR301: =IF(OR(Datos!A301="",AQ301=""),"",MAX(0,AQ301-AP301)) | AS301: =IF(OR(Datos!A301="",AQ301=""),"",AR301*C301) | AT301: =IF(OR(Datos!A301="",AQ301=""),"",IF(AQ301<AO301,"SI","")) | AU301: =IF(Datos!A301="","",IF(AT301="SI","Reponer ahora",IF(AND(AQ301<>"",AR301>0),"Bajar "&TEXT(AR301,"#,##0")&" un.","En rango")))
W303: Ideal + | X303: =MAX(X$2:X$301) | Y303: =MAX(Y$2:Y$301) | Z303: =MAX(Z$2:Z$301) | AA303: =MAX(AA$2:AA$301) | AB303: =MAX(AB$2:AB$301) | AC303: =MIN(AC$2:AC$301)
W304: Ideal - | X304: =MIN(X$2:X$301) | Y304: =MIN(Y$2:Y$301) | Z304: =MIN(Z$2:Z$301) | AA304: =MIN(AA$2:AA$301) | AB304: =MIN(AB$2:AB$301) | AC304: =MAX(AC$2:AC$301)

Sheet Parametros
A1: PARAMETROS DEL MODELO
A3: CV de la demanda | B3: 0.5 | C3: Variabilidad del consumo. 0,3 pareja · 0,5 tipico · 1,0+ erratica
A4: Dias operativos al año | B4: 360 | C4: Base para convertir el consumo anual en demanda diaria
A6: POLITICA POR CLASE
A7: Clase | B7: Nivel de servicio | C7: Revision (dias)
A8: A | B8: 0.99 | C8: 7
A9: B | B9: 0.95 | C9: 15
A10: C | B10: 0.9 | C10: 30
A12: CORTES DE PARETO
A13: Hasta % acumulado -> clase A | B13: 0.8
A14: Hasta % acumulado -> clase B | B14: 0.95
